da_AVE,da_STD,dm_AVE,dm_STD,Temperature_AVE,Temperature_STD,Pressure_AVE,Pressure_STD,MeanFreePath_AVE,MeanFreePath_STD,Viscosity_AVE,Viscosity_STD,Dm_AVE,Dm_STD,rhoEff_AVE,rhoEff_STD,ABS_CRS_AVE_Tmatrix_MDL,ABS_CRS_STD_Tmatrix_MDL,SCA_CRS_AVE_Tmatrix_MDL,SCA_CRS_STD_Tmatrix_MDL,ABS_CRS_AVE_RDG_MDL,ABS_CRS_STD_RDG_MDL,SCA_CRS_AVE_RDG_MDL,SCA_CRS_STD_RDG_MDL,SSA_AVE_Tmatrix_MDL,SSA_STD_Tmatrix_MDL,SSA_AVE_RDG_MDL,SSA_STD_RDG_MDL,ABS_EFF_AVE_Tmatrix_MDL,ABS_EFF_STD_Tmatrix_MDL,SCA_EFF_AVE_Tmatrix_MDL,SCA_EFF_STD_Tmatrix_MDL,ABS_EFF_AVE_RDG_MDL,ABS_EFF_STD_RDG_MDL,SCA_EFF_AVE_RDG_MDL,SCA_EFF_STD_RDG_MDL
35.367361558290376,0.23165761601785367,50.0,0,298,1,93900,1,7.164366716891253e-08,3.010289119814822e-10,1.8364149773814477e-05,4.679094704314342e-08,2.56,0.01,502,1,0.0001388071236822261,0,7.057567578869066e-07,0,0.00012160322853906343,0,4.6599551536028785e-07,0,0.0050587211421662115,0,0.0038174693004727166,0,0.14130984941635175,0.0018507824898512713,0.0007184817215137037,9.410196068766649e-06,0.12379576391724913,0.001621394638251549,0.00047439752627544287,6.21334350355446e-06
36.52431777967471,0.22648848238931782,52.604,0,298,1,93900,1,7.166124099065835e-08,3.0438810293455556e-10,1.8366885432016023e-05,4.731100253517205e-08,2.56,0.01,502,1,0.0001581877839627557,0,9.056057239284095e-07,0,0.000138488142505454,0,6.026674527783193e-07,0,0.005692290080134032,0,0.0043329063434118685,0,0.15099723075033336,0.0018747670455423445,0.0008644406858688672,1.0732812135956314e-05,0.13219305237251777,0.0016412961814341242,0.0005752727179888248,7.142530551889889e-06
37.724507101136815,0.2130593054314872,55.343,0,298,1,93900,1,7.164511711911829e-08,2.9886787261296145e-10,1.8364378917642935e-05,4.6455739280117424e-08,2.56,0.01,502,1,0.00018225232050546924,0,1.1908226369427217e-06,0,0.00015885468159038295,0,7.898970984012751e-07,0,0.0064915080310102066,0,0.004947847931254361,0,0.16307132706561142,0.0018425364149573654,0.0010654955018813762,1.2038991142813322e-05,0.1421361531402368,0.0016059907204745544,0.0007067650371985597,7.98570994233149e-06
38.98085136713461,0.20706495619119494,58.225,0,298,1,93900,1,7.163915158065688e-08,3.0726091112319624e-10,1.836345446432682e-05,4.775602662283908e-08,2.56,0.01,502,1,0.0002246663044917695,0,1.6063700808729387e-06,0,0.0001942752480918828,0,1.0738250102261083e-06,0,0.007099266775835239,0,0.005496954724043253,0,0.18827045723184038,0.0019998563163891115,0.0013461388003583596,1.4299026104334761e-05,0.16280273924400596,0.0017293317878420292,0.0008998658081797995,9.558601741615228e-06
40.293863630564694,0.19197167565434115,61.258,0,298,1,93900,1,7.165140276482182e-08,3.075730394521619e-10,1.8365353519916877e-05,4.780711642585153e-08,2.56,0.01,502,1,0.0002569888786783688,0,2.039113859567208e-06,0,0.00022124978306512505,0,1.3871975648451867e-06,0,0.00787217566560328,0,0.006230759871608004,0,0.2015469367677038,0.0019208721584973766,0.0015992020908838385,1.5241426247673918e-05,0.1735180769947005,0.0016537390666437246,0.0010879280898224283,1.0368655617900733e-05
41.657022660051894,0.18061208013379051,64.44800000000001,0,298,1,93900,1,7.16511742114092e-08,3.0174456113806965e-10,1.836532338994512e-05,4.690120817843001e-08,2.56,0.01,502,1,0.0002936832166013052,0,2.602834685428183e-06,0,0.0002529374248761723,0,1.8055848326087085e-06,0,0.008784870816983778,0,0.00708786802304342,0,0.21549503896032735,0.0018678963122873633,0.0019098740760017435,1.6554658337882474e-05,0.1855971235231063,0.00160874321874192,0.001324878480806794,1.1483956384645556e-05
43.0725962514892,0.1698748365280972,67.804,0,298,1,93900,1,7.163797015594497e-08,3.0998101066041805e-10,1.8363264766069227e-05,4.818445153629557e-08,2.56,0.01,502,1,0.0003381815971910039,0,3.3586869756532826e-06,0,0.0002888889075813928,0,2.344692394688037e-06,0,0.009833940918121349,0,0.00805089932920037,0,0.23210166771619023,0.0018314380887561623,0.0023051427246807963,1.8189124738051514e-05,0.1982709816006904,0.0015644912471830853,0.0016092153434984066,1.2697790162790083e-05
44.552675365476965,0.15838099489073987,71.335,0,298,1,93900,1,7.164220142898705e-08,3.046514429159282e-10,1.836392599641719e-05,4.734857616985875e-08,2.56,0.01,502,1,0.0004080983825945713,0,4.40534162770658e-06,0,0.0003488588220466908,0,3.1388675676929885e-06,0,0.010679519648003854,0,0.008917295937742209,0,0.26178446978176706,0.0018610249836224404,0.0028259117688354566,2.008939799866523e-05,0.22378383657774303,0.001590878600053102,0.002013501687263547,1.4313977248868811e-05
46.10226126778063,0.14188612710732998,75.05,0,298,1,93900,1,7.164239922413578e-08,3.066106363321044e-10,1.8363951679244433e-05,4.7660748438814535e-08,2.56,0.01,502,1,0.00046732704301100293,0,5.741498143392614e-06,0,0.0003982679478450596,0,4.069054931721629e-06,0,0.012136715177428722,0,0.010113548849940517,0,0.2799618910348905,0.0017234109347803069,0.003439562725154906,2.117352468752956e-05,0.238590617608797,0.0014687344688343413,0.0024376511705161753,1.5005880503657652e-05
47.7170848231076,0.13468062802032163,78.958,0,298,1,93900,1,7.164059439056596e-08,3.0579275538454293e-10,1.836367378338571e-05,4.753336460085591e-08,2.56,0.01,502,1,0.000537977754302876,0,7.497970967414377e-06,0,0.0004539680904474169,0,5.252988140238176e-06,0,0.013745746364238358,0,0.011438909024807526,0,0.3008409902173285,0.0016984083640228574,0.004192918745089573,2.3671269866463053e-05,0.2538621881015211,0.001433187888622807,0.0029375083654842623,1.6583806527566108e-05
49.41353479983334,0.1186823394450463,83.07,0,298,1,93900,1,7.164118312410775e-08,3.0883606022921425e-10,1.836376811792366e-05,4.8010901607383415e-08,2.56,0.01,502,1,0.0006459062420365253,0,9.834518129738855e-06,0,0.0005427312797350346,0,6.944836056780442e-06,0,0.014997570270369194,0,0.012634414807666005,0,0.33681798402667046,0.0016180783820835723,0.00512836438906108,2.463673540878949e-05,0.2830157747542437,0.0013596118041078657,0.0036214941547325127,1.7397709387604126e-05
51.17714042987229,0.11227803816184088,87.396,0,298,1,93900,1,7.164112004736466e-08,3.0841627197542113e-10,1.8363752666077142e-05,4.7940948306899726e-08,2.56,0.01,502,1,0.0007376802869681891,0,1.2487963651040845e-05,0,0.0006180176583598818,0,8.930913507441994e-06,0,0.016646883736725186,0,0.014245049607245897,0,0.35861837430572957,0.001573852183400967,0.006070940625689287,2.6643261593989284e-05,0.3004451818065351,0.0013185501336732844,0.004341704312402267,1.9054240667351466e-05
53.02396426632091,0.10075486386978053,91.947,0,298,1,93900,1,7.165910256425717e-08,3.092650866126964e-10,1.8366549579735392e-05,4.8069065242430275e-08,2.56,0.01,502,1,0.0008452698550501756,0,1.5877738021820622e-05,0,0.0007038150937223271,0,1.1477338694261461e-05,0,0.018437882367155572,0,0.01604565933332429,0,0.3827946118397711,0.0014548764885519553,0.0071904996098501725,2.732872537843315e-05,0.31873445385369575,0.0012114048857022367,0.005197705069184802,1.9754768394570737e-05
54.95901965819885,0.10175415086047708,96.736,0,298,1,93900,1,7.16445357325274e-08,3.0827525406022165e-10,1.8364288720037863e-05,4.7908405995806735e-08,2.56,0.01,502,1,0.0010040582240171386,0,2.0463208383034488e-05,0,0.0008356953587056339,0,1.5058991083691129e-05,0,0.019973431239105277,0,0.017700751206761664,0,0.4232485974135421,0.0015671557734119078,0.008626017933550185,3.193941784740169e-05,0.3522772683659917,0.0013043713749679067,0.00634793551028821,2.3504398703239105e-05
56.986223891137456,0.099233167592721,101.773,0,298,1,93900,1,7.164913753013797e-08,3.028467496086575e-10,1.83649967912596e-05,4.7073421085085954e-08,2.56,0.01,502,1,0.0011481042968008426,0,2.6316475757665912e-05,0,0.0009516863362384211,0,1.9311363361393446e-05,0,0.022408046904973198,0,0.019888165923927933,0,0.45014833864286136,0.0015677537607865382,0.010318154782851911,3.5935545189310723e-05,0.3731368520791711,0.001299542068507527,0.0075715927187822545,2.6369958391499436e-05
59.11451297744941,0.11143277310164633,107.074,0,298,1,93900,1,7.163708441304338e-08,3.0286685969713545e-10,1.8363133370908932e-05,4.7081224203921166e-08,2.56,0.01,502,1,0.0013155793399284939,0,3.283711574868914e-05,0,0.0010837701742754766,0,2.4735848460551962e-05,0,0.02435235465307204,0,0.022314581926671555,0,0.4793398784778865,0.0018073537862668926,0.01196441643222861,4.511190140892856e-05,0.3948787031448828,0.0014888924358042732,0.009012667070138735,3.398231335415515e-05
61.3365573869434,0.12812698666815983,112.65,0,298,1,93900,1,7.164054255507446e-08,3.0097424494629187e-10,1.8363665225750516e-05,4.67847555814862e-08,2.56,0.01,502,1,0.0015533796306160946,0,4.2026699436279545e-05,0,0.0012791256122470062,0,3.220951006441934e-05,0,0.026342317091658966,0,0.024562378843056704,0,0.5257201416663213,0.002196436710676047,0.014223363011813058,5.9424614338338886e-05,0.4329026110718391,0.001808648959295932,0.010900869214664138,4.5543374551860977e-05
63.67530985216043,0.14718213806082286,118.516,0,298,1,93900,1,7.164302624660297e-08,3.019282532690885e-10,1.8364058530389525e-05,4.693067687609166e-08,2.56,0.01,502,1,0.0017756473494790653,0,5.43834437231063e-05,0,0.0014566124547678325,0,4.11447169844013e-05,0,0.029717228762007133,0,0.027470886309471566,0,0.5576114243420943,0.0025777398112405534,0.017078182514093272,7.89494422969396e-05,0.4574240182634314,0.0021145910055312693,0.012920788718860902,5.973053997688915e-05
66.13136620056967,0.168718701389671,124.68799999999999,0,298,1,93900,1,7.163756448717771e-08,3.1273283295421006e-10,1.836319892622046e-05,4.861958116088696e-08,2.56,0.01,502,1,0.0020351866459353903,0,6.943463857230006e-05,0,0.0016587864016204914,0,5.2485046792113156e-05,0,0.03299151209930963,0,0.030670205384890244,0,0.5925266069545799,0.003024650695600811,0.020215281424202432,0.00010319226901175601,0.48294100208329965,0.0024652527342073887,0.015280557561485907,7.800214963352599e-05
68.69827008314884,0.20302424829616023,131.181,0,298,1,93900,1,7.165271417268001e-08,3.070654958457527e-10,1.8365556730552563e-05,4.772775720738091e-08,2.56,0.01,502,1,0.002316336625604264,0,8.7096190129901e-05,0,0.001888907807363872,0,6.683747341404836e-05,0,0.03623824621171953,0,0.03417493784643724,0,0.6249302861487243,0.0036947173456099557,0.02349790027006277,0.00013892445547526621,0.5096131898603136,0.0030129387771109305,0.018032250116151727,0.00010661039920966065
71.39454671313672,0.23088503387412115,138.013,0,298,1,93900,1,7.165639912274222e-08,3.0891249477887944e-10,1.8366127986135338e-05,4.8006671470783525e-08,2.56,0.01,502,1,0.002736293120840819,0,0.0001133157945238649,0,0.002217382147347799,0,8.618103973644881e-05,0,0.039765384615721246,0,0.037412058075790455,0,0.6835279483039538,0.00441913383928541,0.028306365261602254,0.0001830058549984765,0.5539036217423678,0.003581088739119059,0.02152808440919339,0.00013918302323075453
74.22075461509104,0.2684844130690838,145.2,0,298,1,93900,1,7.164948309540877e-08,3.077767723157944e-10,1.8365052842587427e-05,4.7839411610915874e-08,2.56,0.01,502,1,0.0031204396257118777,0,0.00014080066390995268,0,0.002525061848000619,0,0.00010935822759706669,0,0.04317396186905316,0,0.041511309684449625,0,0.7212606233230389,0.0052190471084287895,0.03254476509630347,0.00023549415658905733,0.5836445824529187,0.004223256437273656,0.025277138116129656,0.0001829055549803057
77.20315922094878,0.30294009029143126,152.762,0,298,1,93900,1,7.16453738586073e-08,3.0815507871153897e-10,1.8364414601045755e-05,4.78923366998993e-08,2.56,0.01,502,1,0.003554119233106573,0,0.00017257204798017765,0,0.0028755603885826514,0,0.00013851091161245225,0,0.046307041545403604,0,0.045954756147768075,0,0.7592626499706934,0.005961513067982722,0.03686638006957668,0.0002894642671577251,0.6143028574980148,0.004823330257078889,0.029589936325463025,0.00023233171300054512
80.34644952345423,0.34492263409425766,160.717,0,298,1,93900,1,7.163732766740311e-08,3.0857600764198714e-10,1.836316675381006e-05,4.7963728927392185e-08,2.56,0.01,502,1,0.004163228379870624,0,0.00021936778616010817,0,0.0033590732994216955,0,0.00017698689924243352,0,0.05005430065868634,0,0.05005200400980069,0,0.8211660456845596,0.00705014640426394,0.04326867543050089,0.0003714845470130295,0.6625523960653869,0.005688364024918762,0.03490935853809614,0.00029971537409020135
83.63121455632304,0.39704304954531,169.08700000000002,0,298,1,93900,1,7.164108130759512e-08,3.122236130134993e-10,1.836374919710926e-05,4.852993849353904e-08,2.56,0.01,502,1,0.004755459782694372,0,0.0002721936993726363,0,0.0038252755376979703,0,0.00022319417436861432,0,0.05413931177705788,0,0.05513050368226231,0,0.8657553734414632,0.00822254239681951,0.04955423210734264,0.0004706430788003759,0.6964106528054391,0.00661418490020686,0.04063362211234528,0.00038591926865781364
87.08145569272497,0.43758958998013164,177.892,0,298,1,93900,1,7.165060292624594e-08,3.1478776027357857e-10,1.8365225872633336e-05,4.8930474447295025e-08,2.56,0.01,502,1,0.00542468632825031,0,0.00033878902738727874,0,0.004356214665557362,0,0.0002808146428420722,0,0.058782072704776915,0,0.06055916927965267,0,0.9108907445043338,0.00915507258629655,0.05688804305229458,0.0005717635913838645,0.7314774311033945,0.007351846549536931,0.04715322575501564,0.00047392204506381633
90.71575042899339,0.4808043709590903,187.15599999999998,0,298,1,93900,1,7.164004333241212e-08,3.1008407617522573e-10,1.8363583838592164e-05,4.820506438135931e-08,2.56,0.01,502,1,0.006208530304462954,0,0.00042773051852450694,0,0.004960759754596368,0,0.0003524648194091212,0,0.0644535424290262,0,0.06633727118057951,0,0.9606609475123403,0.010186088029685908,0.06618378022739492,0.0007017604007734169,0.7675903849266728,0.008138920658584533,0.05453773611041777,0.0005782749703722699
94.54110697615216,0.544493547894159,196.903,0,298,1,93900,1,7.163670149725944e-08,3.0088011751081627e-10,1.836306894029353e-05,4.676533326631347e-08,2.56,0.01,502,1,0.007216663372167938,0,0.0005243392994381403,0,0.005769635741649313,0,0.00044496254150020576,0,0.0677353208210884,0,0.07159956625140082,0,1.0281308972746313,0.011841443554965168,0.0747006485693596,0.0008603607924809591,0.8219783113186412,0.009467091984772165,0.0633921403082955,0.000730115643133523
98.54407738857071,0.5991548212672138,207.157,0,298,1,93900,1,7.165696877121185e-08,3.0370924098211537e-10,1.8366218642775824e-05,4.720181979846952e-08,2.56,0.01,502,1,0.008242377599462267,0,0.0006501235315272486,0,0.0065703064863635125,0,0.0005556000429722946,0,0.07310918738729537,0,0.07796903322896674,0,1.0808109413361662,0.01314319774576597,0.08524974955534673,0.0010366792871265447,0.8615546973796677,0.010476932943013701,0.07285502249866309,0.0008859532512581496
102.75493805683769,0.6572192568667945,217.945,0,298,1,93900,1,7.164096703649388e-08,3.0648491214547047e-10,1.83637306013753e-05,4.764605169537752e-08,2.56,0.01,502,1,0.009400234973599054,0,0.0007848851533779726,0,0.007482092505622363,0,0.0006918948838817278,0,0.0770619436582854,0,0.08464594461818765,0,1.1336961950099507,0.014492313305309123,0.09465947547093331,0.0012100550234526884,0.9023625290388767,0.011535118970464322,0.0834445733970036,0.0010666922113879236
107.18437008799908,0.7256206222769226,229.295,0,298,1,93900,1,7.164202136793406e-08,3.035710508687456e-10,1.8363892775781722e-05,4.7181575682139983e-08,2.56,0.01,502,1,0.010894717059450519,0,0.0009889647480808923,0,0.008667772051332292,0,0.0008645850135533429,0,0.08322039954436725,0,0.09070002389421777,0,1.2075992792943904,0.016344856537410985,0.10961947065840345,0.0014836995618823577,0.9607587994400703,0.013003870582863236,0.095832891626137,0.001297098211345165
111.88408530934439,0.8005843178255174,241.236,0,298,1,93900,1,7.163865208011912e-08,3.0158458962847015e-10,1.8363373888830033e-05,4.688109465573134e-08,2.56,0.01,502,1,0.012417726924852,0,0.0012012942723975586,0,0.009870860981748686,0,0.0010706941381223892,0,0.08820709322635958,0,0.09785575509078145,0,1.2632297700676085,0.018094808324559997,0.12220519074769311,0.0017504966675440609,1.0041423461639165,0.014383577489182816,0.10891950822386139,0.001560189342284599
116.72455384621253,0.8496222284040656,253.799,0,298,1,93900,1,7.165104734496154e-08,3.057035457761221e-10,1.836529791254716e-05,4.7512602107968625e-08,2.56,0.01,502,1,0.014152873133725744,0,0.0014904429755672156,0,0.011232115423953627,0,0.0013192207424164164,0,0.09527666417747666,0,0.10510600026402978,0,1.3228156745280353,0.01926358054828598,0.13930608375004203,0.0020286529838275925,1.049823466975613,0.015288115575725252,0.12330258737870517,0.0017956011328858934
121.83413182615183,0.939568591003002,267.01599999999996,0,298,1,93900,1,7.163279978777971e-08,3.0331248909598593e-10,1.836245938659476e-05,4.715095439503787e-08,2.56,0.01,502,1,0.01612418305556523,0,0.0017663016449506637,0,0.012780213788917024,0,0.0016204683820801793,0,0.09872855177030113,0,0.11252719578408468,0,1.3833351656213106,0.0213497514891645,0.15153556432192014,0.0023387294131210937,1.0964474353486893,0.016922059705691373,0.13902415334681284,0.0021456341158021864
127.25075181452767,1.0076670602473332,280.921,0,298,1,93900,1,7.164541308779578e-08,2.965321977929094e-10,1.8364429269366363e-05,4.608843720109436e-08,2.56,0.01,502,1,0.01863322849798234,0,0.002180356038405161,0,0.014736424059814622,0,0.0019915824802089143,0,0.10475639285454831,0,0.11905677316922622,0,1.4654102118284602,0.023210281172004337,0.17147409556249182,0.002715937107299527,1.1589460358641186,0.018356268530449447,0.1566279995177871,0.0024807933497886345
132.88941022535474,1.0896856802627797,295.55,0,298,1,93900,1,7.16479416502426e-08,3.070035160743918e-10,1.8364817939910134e-05,4.7716753296132116e-08,2.56,0.01,502,1,0.021146416867678177,0,0.0025909655856367433,0,0.016754449608432944,0,0.0024267314484128734,0,0.10915127608246109,0,0.12651626827466741,0,1.524943798731728,0.0250347243621307,0.18684380087972277,0.003067380619329686,1.2082233217767984,0.01983518202686322,0.17500028948643323,0.0028729478517369716
138.84820744776394,1.1834463451838595,310.942,0,298,1,93900,1,7.164354309301491e-08,3.076273856289494e-10,1.8364128439444216e-05,4.781517655621466e-08,2.56,0.01,502,1,0.024044047926499165,0,0.003187202880921416,0,0.01903739964560441,0,0.0029437655594583287,0,0.117042103701417,0,0.13392217982968052,0,1.5882973391753932,0.027080900194767776,0.21053966747423206,0.003589758404348529,1.2575690788158649,0.021441893700533187,0.19445872922632265,0.003315574047938317
145.08582802723515,1.2930828548054711,327.135,0,298,1,93900,1,7.165182645722785e-08,3.062110049002832e-10,1.8365413874940126e-05,4.759627055570877e-08,2.56,0.01,502,1,0.027554542536070634,0,0.003838067763151044,0,0.02184722001656,0,0.003565516210263464,0,0.12226023024425604,0,0.14030430168712088,0,1.6670814313796332,0.02971337932177635,0.23220750233650206,0.004138771789076175,1.321781872052316,0.02355890084651443,0.21571782074161533,0.0038448664315444184
151.62068881684505,1.395076245608255,344.171,0,298,1,93900,1,7.165109833875088e-08,3.044529791511011e-10,1.836530648540914e-05,4.732162178212067e-08,2.56,0.01,502,1,0.031427628228326045,0,0.004535328184478096,0,0.02487913007305165,0,0.0043281456030828756,0,0.1261111053390302,0,0.14818724112017867,0,1.741065489603275,0.032046158138160245,0.2512535571775305,0.004624588376581467,1.3782839247951872,0.02536877841587404,0.23977580773065937,0.004413328216615616
158.42249789925395,1.5040131439349778,362.094,0,298,1,93900,1,7.164371499110878e-08,3.0068010027518026e-10,1.8364163390307048e-05,4.673467816515465e-08,2.56,0.01,502,1,0.035511978205486634,0,0.005471844846223435,0,0.028223929044388318,0,0.0051850274689259,0,0.1335123089741898,0,0.15519872543338945,0,1.8020579355388877,0.03423726923616727,0.2776691675726202,0.005275431972126567,1.4322253469582373,0.027210825936075517,0.2631145987502723,0.00499890995717923
165.561382076006,1.596955160602279,380.95099999999996,0,298,1,93900,1,7.164620042809002e-08,2.999310517083158e-10,1.8364547864064105e-05,4.661651103265581e-08,2.56,0.01,502,1,0.04056427125031635,0,0.006564525416040377,0,0.03214090176882964,0,0.00626119092329029,0,0.13928905213755471,0,0.16304296157732784,0,1.8847639119501545,0.036373744498105896,0.30501178061065226,0.005886371500696264,1.4933834599814872,0.028820558408750207,0.29091775432685424,0.005614373237281926
173.04140314653452,1.6912307382553005,400.79,0,298,1,93900,1,7.16419697463111e-08,3.0368529210478916e-10,1.8363888376623238e-05,4.720800398576966e-08,2.56,0.01,502,1,0.046240620116895434,0,0.007748041660400147,0,0.03671297381856982,0,0.007456624886042028,0,0.14351238584799514,0,0.16881803558843442,0,1.9667907640323836,0.03844726252606119,0.3295539017100073,0.0064421928388330545,1.561543457764808,0.030525398209338132,0.3171588296101365,0.006199891217446477
180.90811297447394,1.8539673736627686,421.662,0,298,1,93900,1,7.165602105155872e-08,2.9487772267566427e-10,1.836607648747215e-05,4.582572263801848e-08,2.56,0.01,502,1,0.05261094112123544,0,0.00937911871126741,0,0.04180838364703762,0,0.008960690867185251,0,0.1513003655200493,0,0.17649899969468477,0,2.047419786809396,0.04195589675005996,0.36499999473554756,0.007479610283908379,1.6270249136241477,0.0333411300044962,0.34871635811799195,0.007145924646481619
189.07413940129956,1.9315449365405788,443.62,0,298,1,93900,1,7.163819040290419e-08,2.9846643320770795e-10,1.8363302444647885e-05,4.639862487980046e-08,2.56,0.01,502,1,0.05952108930563615,0,0.011001433708577545,0,0.04730324508925293,0,0.010560687456915874,0,0.15599886728896847,0,0.1825089825771805,0,2.120569847733585,0.043290910522480304,0.3919502965487616,0.008001568651599445,1.6852822488032493,0.034404621529463414,0.37624774098940234,0.007681004852005183
197.66416589230198,2.1122632049079715,466.723,0,298,1,93900,1,7.164072519364063e-08,3.066852763613148e-10,1.836369248152586e-05,4.766899648800159e-08,2.56,0.01,502,1,0.06765980163055975,0,0.013154457403897122,0,0.05386835781399149,0,0.012634938435864766,0,0.162773965399948,0,0.1899896568794825,0,2.2056355437951916,0.04715371965634649,0.42882092631307167,0.00916765319593481,1.7560495570053911,0.03754213552942843,0.4118851760750691,0.008805588111728482
206.6030867430592,2.2433146948315463,491.028,0,298,1,93900,1,7.165188692403721e-08,3.131761163302694e-10,1.8365428599689456e-05,4.867158452875176e-08,2.56,0.01,502,1,0.07668481160308711,0,0.015437588770966394,0,0.06119395526752713,0,0.014784724325371009,0,0.16757692709138766,0,0.19459043516666974,0,2.288229491704312,0.049738198733938394,0.4606485321939103,0.010012906626639364,1.8259914868403084,0.03969074246626265,0.44116744268913527,0.009589455086986125
215.82623489692472,2.4070980303079037,516.599,0,298,1,93900,1,7.165526675989552e-08,3.0111645821547057e-10,1.8365953867802878e-05,4.680622690618358e-08,2.56,0.01,502,1,0.08717226428169843,0,0.01831679698669773,0,0.0696875202621717,0,0.017619271441163983,0,0.17363693227010754,0,0.20180871496267364,0,2.3836485234282225,0.05324311381122437,0.5008566251094045,0.011187541297175967,1.9055436513328516,0.0425637741902707,0.48178340554392346,0.010761506338544214
225.6736828883607,2.5881409537110636,543.502,0,298,1,93900,1,7.163703884257627e-08,3.0577794326213815e-10,1.8363122187338156e-05,4.7531772000890535e-08,2.56,0.01,502,1,0.09795028240581398,0,0.02125188261254415,0,0.0785069837368677,0,0.020402694878398277,0,0.17828436764777872,0,0.2062760203453868,0,2.449771372264406,0.056277719185976564,0.5315171365738108,0.01221035256322147,1.9634875628494375,0.04510649562577699,0.5102786495608814,0.011722448417724076
235.83715047340556,2.7504554516806445,571.806,0,298,1,93900,1,7.166873631211846e-08,3.025148116911672e-10,1.8368051259417088e-05,4.7014678666926443e-08,2.56,0.01,502,1,0.11074779620810914,0,0.02524959868741421,0,0.08886683154987686,0,0.02419487016462723,0,0.1856623702741629,0,0.2139970458407084,0,2.5362849772793292,0.05919429456399258,0.5782523898975013,0.013495818729582611,2.035179186905228,0.047498998479817554,0.5540975787044568,0.012932070167529276
246.46001569665927,2.9133911160232993,601.5840000000001,0,298,1,93900,1,7.166080254510337e-08,3.0570646447803465e-10,1.8366811611476248e-05,4.7515231612518856e-08,2.56,0.01,502,1,0.12576373935959564,0,0.029753952191602026,0,0.10120021921882626,0,0.02869103552264305,0,0.19132197690708902,0,0.22088504402970482,0,2.63727143047507,0.062420796552505424,0.62394175346732,0.014767892604357867,2.122173277151853,0.05022909088974479,0.6016523417633148,0.014240331118963051
257.5177654699648,3.134237196961283,632.913,0,298,1,93900,1,7.164205293133429e-08,3.079477250717069e-10,1.8363895891403045e-05,4.7865516680388385e-08,2.56,0.01,502,1,0.14090125056345437,0,0.03443565221959646,0,0.1136583615773787,0,0.03286222903191404,0,0.1963970600199585,0,0.22428403335844743,0,2.7064703605454246,0.06578146602795376,0.6614495734118145,0.01607670391551052,2.1831813813376906,0.053062791288201926,0.6312268237553832,0.015342132124598597
269.1450476441781,3.2192772404997516,665.873,0,298,1,93900,1,7.16508573264192e-08,3.0219237230028064e-10,1.8365269488551227e-05,4.697276017624091e-08,2.56,0.01,502,1,0.1587293856508691,0,0.04065078622937341,0,0.1283514232716582,0,0.0387751209631552,0,0.20388580191309222,0,0.23201054710181765,0,2.7911352003316874,0.06670464947251728,0.7148130757308296,0.017083140812860182,2.2569618979951955,0.05393857390380303,0.6818309323985532,0.016294908730956598
281.2152103758296,3.4840821556130197,700.549,0,298,1,93900,1,7.163521856653754e-08,3.0891668630951213e-10,1.8362840649712308e-05,4.801865307621324e-08,2.56,0.01,502,1,0.18022001375096883,0,0.04851746917581463,0,0.14616331548558192,0,0.0458005854690456,0,0.21210983243767087,0,0.23858957460898325,0,2.9029234088512452,0.07197248573620456,0.7815030865734461,0.01937588831303865,2.354349559781479,0.058371636534656844,0.7377404369800185,0.018290876333722294
293.7194657182231,3.879124399671133,737.0319999999999,0,298,1,93900,1,7.164746630240156e-08,3.0530612784096785e-10,1.8364742365113808e-05,4.744822863240189e-08,2.56,0.01,502,1,0.20119372740470085,0,0.05509328636711844,0,0.16351669977731967,0,0.051879657734830595,0,0.21496713999004957,0,0.24085670869296905,0,2.9708894782327624,0.07854752257596435,0.8135246903602641,0.021508827390034204,2.4145387092840056,0.06383813170015414,0.7660712452963083,0.020254202950189478
306.92361155752604,3.9669241538406443,775.414,0,298,1,93900,1,7.164259121920383e-08,3.0482207948041415e-10,1.836398379690797e-05,4.738594936477411e-08,2.56,0.01,502,1,0.226086329259991,0,0.06457761947902238,0,0.18410653250368889,0,0.06094563262769509,0,0.2221727866809051,0,0.2487047302561855,0,3.057322704840328,0.07896925844599662,0.8732709443511357,0.022556192314493004,2.4896378466371947,0.06430621610102329,0.824156272532677,0.02128758262334667
320.4452659481601,4.206402183156301,815.795,0,298,1,93900,1,7.164811706979408e-08,3.0187492306800856e-10,1.8364841075164033e-05,4.692106588228564e-08,2.56,0.01,502,1,0.2563985631213972,0,0.076027676707568,0,0.2096595696698369,0,0.0717737881734788,0,0.2287054016755253,0,0.2550294276538388,0,3.1808449443419713,0.0835308830828973,0.9431887922508875,0.024768699546562304,2.601007486541409,0.06830400602912035,0.8904156422272448,0.023382845189724732
334.61639301260226,4.4423841839812335,858.279,0,298,1,93900,1,7.164452222614682e-08,3.0745990695498594e-10,1.8364281373588816e-05,4.778777855088443e-08,2.56,0.01,502,1,0.28034834593561136,0,0.0860107125223964,0,0.2299260408472203,0,0.07998150778672834,0,0.2347716278243875,0,0.2580818316277915,0,3.1896499285853817,0.08458332363194591,0.9785827775764694,0.0259501154137967,2.615972558428059,0.06937051352840556,0.9099857883901408,0.0241310564366576
349.45390839642965,4.795807672945668,902.9760000000001,0,298,1,93900,1,7.165237574383482e-08,2.981412167267346e-10,1.8365502268415747e-05,4.6338930740958905e-08,2.56,0.01,502,1,0.31805585761965116,0,0.10085500934402197,0,0.2618362220627426,0,0.09403892154009864,0,0.24075529497488035,0,0.26424695073687593,0,3.3180213900448594,0.09112554238357706,1.0521393342700798,0.028895765345611734,2.731527071988873,0.07501816797119712,0.9810325629655033,0.026942901774052026
364.87924805588705,5.091056067642968,950.0,0,298,1,93900,1,7.164742515232438e-08,3.0734956201974193e-10,1.8364736597504843e-05,4.7774358558426385e-08,2.56,0.01,502,1,0.36068821653511934,0,0.1195073517732571,0,0.2981747735844196,0,0.11049133464719603,0,0.2488722505171283,0,0.2703706826223377,0,3.4514170518459615,0.09635924828425785,1.1435630353924024,0.03192684998677292,2.853227388090653,0.07965854087480538,1.0572889797896117,0.02951818623520662
