ID_Error_V1,Df,kf,R_RI,I_RI,WaveL,dp,Np,Version,Hash,created_at,updated_at
1,2.19,1.2,1.81,0.81,870.0,39.2,44.0,0.1,1671583d915601147a28c184757c18fc693247b5,2019-07-16 06:07:56,2019-07-16 06:07:56
2,2.24,1.2,1.54,0.57,869.5,47.9,48.0,0.1,6f06dbf2562513187870ecf25c90554fbd049ff3,2019-07-16 06:07:56,2019-07-16 06:07:56
3,1.91,1.2,1.71,0.39,865.9,16.7,66.0,0.1,677ad26a7119adcf82dcf82f86212b4b5d8cd2f4,2019-07-16 06:07:56,2019-07-16 06:07:56
4,2.1,1.2,1.92,0.66,865.3,26.1,48.0,0.1,0aea280e34a479601eeeefe2020068cde6faaeef,2019-07-16 06:07:56,2019-07-16 06:07:56
5,1.92,1.2,1.7,0.95,876.9,28.6,59.0,0.1,187f785ae6b42d8886f0e9936fbc9695265bc6b7,2019-07-16 06:07:56,2019-07-16 06:07:56
6,2.08,1.2,1.89,0.59,873.9,44.2,57.0,0.1,9e6ae9cf299323895469b7b52416432a5439a9da,2019-07-16 06:07:56,2019-07-16 06:07:56
7,1.9,1.2,1.77,0.59,864.4,35.9,63.0,0.1,b1cc97cc3c6f776ec6f071809aa35e881ccfccfd,2019-07-16 06:07:56,2019-07-16 06:07:56
8,2.01,1.2,1.86,0.8,870.3,19.6,53.0,0.1,d561d215e75c527aeccb323289d0a80236a1aaca,2019-07-16 06:07:56,2019-07-16 06:07:56
9,2.05,1.2,1.86,0.59,865.9,25.8,59.0,0.1,88cb0a18ccda85fdd47b4c685a1dd663d9b2f81a,2019-07-16 06:07:56,2019-07-16 06:07:56
10,2.15,1.2,1.8,0.77,869.1,20.7,61.0,0.1,289af756dfc6e5e44cb72f115a242285c2d1dcea,2019-07-16 06:07:56,2019-07-16 06:07:56
11,2.37,1.2,1.76,0.34,871.7,50.1,54.0,0.1,a5a049597e764d2452e8ac3c3eb04b5a29a14c79,2019-07-16 06:07:56,2019-07-16 06:07:56
12,2.3,1.2,1.67,0.71,867.3,21.1,38.0,0.1,34b2cc02016f9ad84601136af62cbc6ab13dcdd3,2019-07-16 06:07:56,2019-07-16 06:07:56
13,2.07,1.2,1.94,0.29,865.9,31.7,63.0,0.1,e44703f950996676c577aad53fc8c243ba07b642,2019-07-16 06:07:56,2019-07-16 06:07:56
14,2.13,1.2,1.66,0.91,869.7,22.6,73.0,0.1,8664be0d4d36f7dd4f451d8b2d2a4ba28d2c5d43,2019-07-16 06:07:56,2019-07-16 06:07:56
15,2.01,1.2,1.82,0.9,874.5,50.4,56.0,0.1,0c8a24bbb8e690f66909a774cbb2894c918349ec,2019-07-16 06:07:56,2019-07-16 06:07:56
16,2.28,1.2,1.86,0.38,873.8,21.2,48.0,0.1,dc40c807afa99e9c5dcbfedf61bf5186d5ec486e,2019-07-16 06:07:56,2019-07-16 06:07:56
17,2.32,1.2,1.38,0.57,865.7,35.8,47.0,0.1,4fee2d2b868520ea88a8a515bcc8576b260103e3,2019-07-16 06:07:56,2019-07-16 06:07:56
18,2.12,1.2,1.94,0.67,869.8,33.9,37.0,0.1,b4ada0041977e511be87a93d7658eb8e8ac2b784,2019-07-16 06:07:56,2019-07-16 06:07:56
19,1.91,1.2,1.68,0.63,871.2,19.7,40.0,0.1,7c3b3ae668c74b2d8e146664276b31ef6d57d961,2019-07-16 06:07:56,2019-07-16 06:07:56
20,2.11,1.2,1.5,0.72,873.5,30.7,55.0,0.1,67a14e5c8d8f82dd46b50c0c5ded5ef436559749,2019-07-16 06:07:56,2019-07-16 06:07:56
21,2.25,1.2,1.78,0.96,869.0,30.6,51.0,0.1,4095d4633a5fada364466e6ac55d0301d62ac6a1,2019-07-16 06:07:56,2019-07-16 06:07:56
22,2.05,1.2,1.56,0.85,873.0,31.2,59.0,0.1,6f1279ae86a819c1e155af7e2913485ea8c0a370,2019-07-16 06:07:56,2019-07-16 06:07:56
23,2.15,1.2,1.36,0.97,866.6,29.9,54.0,0.1,40c0ea09d603a49300a0553bbf60ec3814480342,2019-07-16 06:07:56,2019-07-16 06:07:56
24,2.27,1.2,1.5,0.68,875.2,23.2,57.0,0.1,36001cfbcf1a9a627abcc4077d0be50d67605dfc,2019-07-16 06:07:56,2019-07-16 06:07:56
25,2.27,1.2,1.79,0.58,867.5,21.0,45.0,0.1,09166ec0f759ef182a523a0918f2b32f3099d1dd,2019-07-16 06:07:56,2019-07-16 06:07:56
26,2.06,1.2,1.84,0.59,871.6,35.8,46.0,0.1,a1ad55c68410d9a04c607a133efc74226fc8e506,2019-07-16 06:07:56,2019-07-16 06:07:56
27,2.55,1.2,1.49,0.86,871.8,17.9,62.0,0.1,02d64cf501a196ba6fd43eceea0f1d6f2fa2e26b,2019-07-16 06:07:56,2019-07-16 06:07:56
28,2.1,1.2,1.64,0.62,871.7,20.8,52.0,0.1,6635b9edbdef2e0038c12f02d1e6b25adc4ed2e9,2019-07-16 06:07:56,2019-07-16 06:07:56
29,1.96,1.2,1.67,0.61,874.2,20.8,55.0,0.1,4eddbee72e34afb3524cfd6365020af210a182a3,2019-07-16 06:07:56,2019-07-16 06:07:56
30,2.36,1.2,1.55,0.64,866.5,30.3,60.0,0.1,881db587296ee6ff56823c9d1112631a90c392e7,2019-07-16 06:07:56,2019-07-16 06:07:56
31,2.15,1.2,1.98,0.85,876.7,26.9,46.0,0.1,922fd8b9bd870e0adbc159580c1b4377811d4a9f,2019-07-16 06:07:56,2019-07-16 06:07:56
32,2.76,1.2,1.7,0.86,878.7,42.6,23.0,0.1,038c3c2bb5f0d406a2bf283813bb99d31f271494,2019-07-16 06:07:56,2019-07-16 06:07:56
33,2.19,1.2,1.79,0.9,871.8,35.5,56.0,0.1,e8066ef07be3f7d3544113779f1c1eeeff91360c,2019-07-16 06:07:56,2019-07-16 06:07:56
34,2.3,1.2,1.46,0.74,869.1,36.3,56.0,0.1,8e6bcb1f75cf04c5cd288908c2ebbb4f3d1b79dd,2019-07-16 06:07:56,2019-07-16 06:07:56
35,1.83,1.2,1.57,0.82,868.6,19.8,55.0,0.1,69c052a7a104ff3dfb309c19f49201208d1523a5,2019-07-16 06:07:56,2019-07-16 06:07:56
36,2.38,1.2,1.66,0.42,874.9,21.1,55.0,0.1,31401e49b72cb1d92d6eba7c5d114256e8a73892,2019-07-16 06:07:56,2019-07-16 06:07:56
37,2.04,1.2,1.69,0.66,869.1,29.1,51.0,0.1,96d2c7b55ec26b8c70929fb1cc78d176283233bb,2019-07-16 06:07:56,2019-07-16 06:07:56
38,2.5,1.2,1.82,0.39,877.3,25.2,51.0,0.1,9f698fb8c5f7799474c11fbe596d853280eaa84e,2019-07-16 06:07:56,2019-07-16 06:07:56
39,1.93,1.2,1.73,0.72,864.3,22.2,58.0,0.1,cf81b05be73b9e51f13d7b1b1ff3254e61acd7b1,2019-07-16 06:07:56,2019-07-16 06:07:56
40,2.49,1.2,1.65,0.69,871.3,30.0,63.0,0.1,aa069b8c91647cb6df1986c675fe5cbcba89ae8c,2019-07-16 06:07:56,2019-07-16 06:07:56
41,2.1,1.2,1.57,0.64,876.2,20.3,63.0,0.1,0597fa2bc154c6c131c54ae1401bf62a01edce60,2019-07-16 06:07:56,2019-07-16 06:07:56
42,2.26,1.2,1.56,0.63,868.3,28.3,38.0,0.1,79928fbaf5a20d6423923996e898a82c166c81e6,2019-07-16 06:07:56,2019-07-16 06:07:56
43,2.36,1.2,1.83,0.7,868.0,21.3,59.0,0.1,7acd75478b7f32a402f94ee92699976ac6ef944a,2019-07-16 06:07:56,2019-07-16 06:07:56
44,2.42,1.2,1.51,0.36,872.1,36.8,51.0,0.1,418a876da9aa0e3cc95cd22f3e1fd2a655f297cb,2019-07-16 06:07:56,2019-07-16 06:07:56
45,1.88,1.2,1.6,0.61,872.6,21.2,39.0,0.1,0ff2ab0082beb02d82a425c354f865cd7e5818bd,2019-07-16 06:07:56,2019-07-16 06:07:56
46,1.81,1.2,1.63,0.89,867.6,33.5,48.0,0.1,3122280b150ec1c5a17d391082737291d1545a3f,2019-07-16 06:07:56,2019-07-16 06:07:56
47,2.3,1.2,1.74,0.56,873.5,19.8,39.0,0.1,d8fde5bc1ca9dbe0ca7e0da5e85d197598917636,2019-07-16 06:07:56,2019-07-16 06:07:56
48,2.0,1.2,1.53,0.12,875.5,34.3,52.0,0.1,610ac76f1bd536cbaaf907f611b7eda52a2f8c61,2019-07-16 06:07:56,2019-07-16 06:07:56
49,1.91,1.2,1.47,0.93,870.9,27.2,44.0,0.1,a60977ea47662c761cd00ec87265bc10c5fc2fef,2019-07-16 06:07:56,2019-07-16 06:07:56
50,1.98,1.2,1.73,0.33,870.3,24.5,52.0,0.1,97d7a4e179936ffe40eb47aeb2cb0734e00b9ff4,2019-07-16 06:07:56,2019-07-16 06:07:56
51,2.45,1.2,1.72,0.58,867.0,26.8,44.0,0.1,4dae0457f6d1c5e1f97b0ea83263bfaedc1339fd,2019-07-16 06:07:56,2019-07-16 06:07:56
52,2.18,1.2,1.66,0.56,868.8,23.2,57.0,0.1,d902014118814b1f7228267744a689e37518e07b,2019-07-16 06:07:56,2019-07-16 06:07:56
53,2.12,1.2,1.53,0.61,872.3,17.0,45.0,0.1,b2fab9cbcb77e1e67818be5c95d7f08c7a2fa833,2019-07-16 06:07:56,2019-07-16 06:07:56
54,2.28,1.2,1.56,0.67,872.2,19.6,54.0,0.1,9e7de203af7098a27eb6a6373ee3a3450661955b,2019-07-16 06:07:56,2019-07-16 06:07:56
55,1.85,1.2,1.82,0.53,871.4,20.9,47.0,0.1,5c06b6f36c6d9bf1d20d2bd0c4d2913c656739f5,2019-07-16 06:07:56,2019-07-16 06:07:56
56,2.54,1.2,1.95,0.7,867.7,18.3,65.0,0.1,173da43730069b69cc242a6301cb767f1fdb087f,2019-07-16 06:10:04,2019-07-16 06:10:04
57,1.86,1.2,1.97,0.59,870.0,23.6,51.0,0.1,a0a293ebd1538e80ed87ad18ac2449490e94f59d,2019-07-16 06:10:04,2019-07-16 06:10:04
58,1.87,1.2,1.3,0.62,879.6,29.8,57.0,0.1,0ea7cabee0b7551b552c7c05261be8795fa57098,2019-07-16 06:10:04,2019-07-16 06:10:04
59,2.46,1.2,1.83,0.72,873.6,25.2,53.0,0.1,3b521e22769b749660bc71b15c02d5fe0b3e0670,2019-07-16 06:10:04,2019-07-16 06:10:04
60,1.85,1.2,1.56,0.52,874.9,23.1,47.0,0.1,e21284528d9fe36417f71080a279b8f2717f0147,2019-07-16 06:10:04,2019-07-16 06:10:04
61,2.34,1.2,1.81,0.57,869.7,17.4,31.0,0.1,5f45a95f9522c94d2192dbcb05a5982fd858b21c,2019-07-16 06:10:04,2019-07-16 06:10:04
62,2.15,1.2,1.82,0.86,857.2,40.0,52.0,0.1,5164187c1a96498f20565dfcf12618906d42bc28,2019-07-16 06:10:04,2019-07-16 06:10:04
63,1.83,1.2,1.73,0.66,860.8,28.7,55.0,0.1,9c9c6e7971ead73e4c6445f52f41dffcab172413,2019-07-16 06:10:04,2019-07-16 06:10:04
64,2.13,1.2,1.54,0.97,874.7,25.8,62.0,0.1,84b2c216ae3b2f6e87760c514fbf1ae7c024c8d6,2019-07-16 06:10:04,2019-07-16 06:10:04
65,1.88,1.2,1.64,0.78,870.3,27.9,46.0,0.1,f685d3555a4b1001e89e6b5ac1088a1d85eb4f9b,2019-07-16 06:10:04,2019-07-16 06:10:04
66,2.11,1.2,1.73,0.75,864.2,25.7,62.0,0.1,8ce327c9662e7e5431ac4fa263be636b62de4968,2019-07-16 06:10:04,2019-07-16 06:10:04
67,2.12,1.2,1.68,0.31,875.0,26.8,38.0,0.1,d26b9a9d1f5ee2b45f1d68c83eda5836649ee2e2,2019-07-16 06:10:04,2019-07-16 06:10:04
68,1.87,1.2,1.7,0.52,863.9,33.2,44.0,0.1,59585f72fa9aaeb9f0ae719cd6dcc70b4424ab78,2019-07-16 06:10:04,2019-07-16 06:10:04
69,2.14,1.2,1.57,0.91,871.0,33.8,39.0,0.1,c54c615d558bec5cccacfa8db2d848d35a487259,2019-07-16 06:10:04,2019-07-16 06:10:04
70,2.2,1.2,1.39,0.86,879.3,22.8,36.0,0.1,2ee0add750597d81c17161abc3db895349d6b0e0,2019-07-16 06:10:04,2019-07-16 06:10:04
71,2.01,1.2,1.68,0.84,864.9,51.1,46.0,0.1,e5ea557702efd97144d56a8172d22499292f7142,2019-07-16 06:10:04,2019-07-16 06:10:04
72,2.74,1.2,1.81,0.45,874.0,17.7,49.0,0.1,4927fa8d4606bc44bf46d09e66e07c781614309b,2019-07-16 06:10:04,2019-07-16 06:10:04
73,2.09,1.2,1.45,0.79,876.2,27.2,47.0,0.1,52ab776c2f3feb20ab024462dbced437873cad64,2019-07-16 06:10:04,2019-07-16 06:10:04
74,1.95,1.2,1.49,0.61,871.7,24.1,65.0,0.1,40b09a8ebbe17fe840f32a9245154978c077e206,2019-07-16 06:10:04,2019-07-16 06:10:04
75,2.15,1.2,1.67,0.68,870.6,28.1,44.0,0.1,aa924892cf293aab51e626722fab4adb33796b69,2019-07-16 06:10:04,2019-07-16 06:10:04
76,2.1,1.2,1.97,0.77,859.0,24.7,63.0,0.1,d994948ee4d60789cc338a4ca6be896c42a34c42,2019-07-16 06:10:04,2019-07-16 06:10:04
77,1.85,1.2,1.87,0.59,867.8,26.5,59.0,0.1,ee2bb3cee96131c1637eaf459c73a0c5bcfed6d5,2019-07-16 06:10:04,2019-07-16 06:10:04
78,1.84,1.2,1.63,0.83,874.0,31.7,38.0,0.1,e51cc5bfd2e68cb6cec1c3cd9f1ad6bf65b54259,2019-07-16 06:10:04,2019-07-16 06:10:04
79,2.02,1.2,1.59,0.95,867.1,17.7,47.0,0.1,24ac06db86a5b4666222c55794f7073959c154cf,2019-07-16 06:10:04,2019-07-16 06:10:04
80,2.03,1.2,1.82,0.94,877.9,43.7,55.0,0.1,3122044812f6dbaf244c4001721dd0301ba71571,2019-07-16 06:10:04,2019-07-16 06:10:04
81,2.05,1.2,1.55,0.69,873.7,19.2,34.0,0.1,c7b48a30f7b18c999c3c60c1e96d4ea1c246208a,2019-07-16 06:10:04,2019-07-16 06:10:04
82,2.66,1.2,1.77,0.85,866.2,31.5,63.0,0.1,466f2ca8c6fa5ee072b161fb14eb1f6e7650451b,2019-07-16 06:10:04,2019-07-16 06:10:04
83,1.89,1.2,1.71,0.54,881.9,40.2,54.0,0.1,459539bf499d743fb5a854d2f3b50f39dd14f1fa,2019-07-16 06:10:04,2019-07-16 06:10:04
84,2.25,1.2,1.75,0.67,867.2,25.9,42.0,0.1,89c1d863f28f19641651917db7c9725dfd59f932,2019-07-16 06:10:04,2019-07-16 06:10:04
85,2.36,1.2,1.52,0.79,866.8,20.7,58.0,0.1,52b00089e90c9add80e7cf45a1bb5f04bd26f55d,2019-07-16 06:10:04,2019-07-16 06:10:04
86,2.14,1.2,1.79,0.9,859.4,25.8,63.0,0.1,6f317e780ad51320149502562dac900486fa8467,2019-07-16 06:10:04,2019-07-16 06:10:04
87,2.16,1.2,1.36,0.72,861.3,41.7,42.0,0.1,51952e0a6bf05727e48f2b6e8cc12c945f80aaf6,2019-07-16 06:10:04,2019-07-16 06:10:04
88,1.87,1.2,1.76,0.77,871.9,18.1,53.0,0.1,3fc53b7d9f89c562b16bd6cb4e36f2425ca308c7,2019-07-16 06:10:04,2019-07-16 06:10:04
89,2.12,1.2,1.91,0.48,866.9,21.1,40.0,0.1,87a4d455b3c0533a7848d9f314ef37fbb9ca173e,2019-07-16 06:10:04,2019-07-16 06:10:04
90,1.91,1.2,1.41,0.94,872.3,17.0,36.0,0.1,788980e9f561cae0e628147f5cbe21b5cb231979,2019-07-16 06:10:04,2019-07-16 06:10:04
91,2.23,1.2,1.57,0.32,871.4,18.5,51.0,0.1,2ef58cbf9b5f799d50a27f0cfda48c5de93eada2,2019-07-16 06:10:04,2019-07-16 06:10:04
92,2.4,1.2,1.65,0.57,876.0,23.7,51.0,0.1,139cc740cfc112215c7f83c98bd7ef4c8e9b6419,2019-07-16 06:10:04,2019-07-16 06:10:04
93,2.09,1.2,1.81,0.6,872.1,40.6,43.0,0.1,237382a0f0308de304f0d5fe86002d5664632df2,2019-07-16 06:10:04,2019-07-16 06:10:04
94,1.9,1.2,1.92,0.79,874.2,28.5,45.0,0.1,68b60d2d5e5b93a3a2f332ff90cecf00a512c0f1,2019-07-16 06:10:04,2019-07-16 06:10:04
95,2.04,1.2,1.8,0.6,871.8,23.0,42.0,0.1,8f9c94bca9747dc83c030cf34e7b5d60e33ae1ed,2019-07-16 06:10:04,2019-07-16 06:10:04
96,2.06,1.2,1.93,0.96,866.0,40.4,39.0,0.1,d7d1e8ba29c162f9271c41c35540a80ae048c2a2,2019-07-16 06:10:04,2019-07-16 06:10:04
97,2.36,1.2,1.56,0.47,870.7,28.4,40.0,0.1,322011ca4a941cfd82860b1282659b898025ebe3,2019-07-16 06:10:04,2019-07-16 06:10:04
98,1.9,1.2,1.82,0.89,874.2,18.7,44.0,0.1,b4e3643b921efc07b779c03328786f75b8596d02,2019-07-16 06:10:04,2019-07-16 06:10:04
99,2.25,1.2,1.64,0.47,861.1,27.4,55.0,0.1,a31ead5eff96e8f9d095461fae77d71be3fd6776,2019-07-16 06:10:04,2019-07-16 06:10:04
100,1.99,1.2,1.77,0.59,865.0,23.3,32.0,0.1,ea8ad70c60b21d30674c8ba0436a3fa4cfb33cc5,2019-07-16 06:10:04,2019-07-16 06:10:04
101,2.01,1.2,1.74,0.62,863.0,19.7,57.0,0.1,4729c644d7b3a430438313faa963672f7da7e750,2019-07-16 06:10:04,2019-07-16 06:10:04
102,2.47,1.2,1.38,0.64,869.7,32.4,54.0,0.1,dce5a61863e91f2d167c42c3d6f7057655bf375a,2019-07-16 06:10:04,2019-07-16 06:10:04
103,2.52,1.2,1.54,0.8,875.8,21.4,30.0,0.1,ffba20ac89158a8d1d3705239305d3e216c2a830,2019-07-16 06:10:04,2019-07-16 06:10:04
104,2.23,1.2,1.79,0.38,871.5,21.7,50.0,0.1,261d4b1945171918a8eee03f6a858d5bccd0a3d0,2019-07-16 06:10:04,2019-07-16 06:10:04
105,2.0,1.2,1.09,0.47,874.5,25.7,43.0,0.1,439cc7cbd63895fa5abf885aa4baa0be64e5cc24,2019-07-16 06:10:04,2019-07-16 06:10:04
106,2.03,1.2,1.69,0.69,874.8,25.7,46.0,0.1,f262b0f5546fcb35eb3bcf7905aec5535f680c50,2019-07-16 06:10:04,2019-07-16 06:10:04
107,2.12,1.2,1.66,0.51,870.0,33.1,58.0,0.1,ebdd085d1e501650cd42771d66a509bb3722f032,2019-07-16 06:10:04,2019-07-16 06:10:04
108,1.97,1.2,1.77,0.71,863.4,27.9,44.0,0.1,478a45e882d92cfdb43d3a8277e6b5abcfcdbd77,2019-07-16 06:10:04,2019-07-16 06:10:04
109,1.91,1.2,1.46,0.85,872.1,29.6,49.0,0.1,7d37838f2e7570bfed5cdd5ec8836cb82f4b288f,2019-07-16 06:10:04,2019-07-16 06:10:04
110,2.36,1.2,1.5,0.46,863.1,35.0,53.0,0.1,adc26fd3d8b2799f59d995d989ffc23f563c35bb,2019-07-16 06:10:04,2019-07-16 06:10:04
111,1.96,1.2,1.59,0.45,877.6,37.3,54.0,0.1,d2497ef111acdae1d253f731069bf245d7a98783,2019-07-16 06:10:04,2019-07-16 06:10:04
112,2.26,1.2,1.72,0.83,868.1,20.9,39.0,0.1,c340318aa613221d1c9c171c54c15315be8c6c15,2019-07-16 06:10:04,2019-07-16 06:10:04
113,2.26,1.2,1.57,0.7,865.6,39.4,30.0,0.1,c1c36d0f82c593a22168191b66efd5fc61805c86,2019-07-16 06:10:04,2019-07-16 06:10:04
114,1.87,1.2,1.57,0.77,867.0,34.3,50.0,0.1,5025cf89765554457006dc77e3aeaeff6ce6efdc,2019-07-16 06:10:04,2019-07-16 06:10:04
115,1.98,1.2,1.83,0.8,860.6,23.0,48.0,0.1,403063960863b2aa044d27a9b07c5eb14fbe428f,2019-07-16 06:10:04,2019-07-16 06:10:04
116,2.24,1.2,1.71,0.56,870.4,31.4,54.0,0.1,97717dbe852b0485de136c779bc7ec35f7b38a17,2019-07-16 06:10:04,2019-07-16 06:10:04
117,2.1,1.2,1.73,0.78,869.0,38.2,47.0,0.1,6e623993b20581e0bbab26a32ae0ab844044c4c5,2019-07-16 06:10:04,2019-07-16 06:10:04
118,2.43,1.2,1.68,0.82,864.4,38.7,59.0,0.1,32f792929d13dc390a755400f65e51a034818dab,2019-07-16 06:10:04,2019-07-16 06:10:04
119,2.25,1.2,1.97,0.41,872.2,40.1,54.0,0.1,05e51babd38010832b1c4c16a40972b91f506d49,2019-07-16 06:10:04,2019-07-16 06:10:04
120,2.12,1.2,1.71,0.45,870.6,29.4,62.0,0.1,f6b3332eb59b91c58be4793d04b664a481fd0271,2019-07-16 06:10:04,2019-07-16 06:10:04
121,2.08,1.2,1.66,0.76,873.5,26.9,48.0,0.1,23bc5be32dca444a2ceb788cdf237664e5fda5f4,2019-07-16 06:10:04,2019-07-16 06:10:04
122,1.99,1.2,1.8,0.76,875.9,46.8,78.0,0.1,695399d51a975ab3e62820ba24c58d9a9ab81983,2019-07-16 06:10:04,2019-07-16 06:10:04
123,2.23,1.2,1.7,0.84,875.3,21.3,43.0,0.1,9679f667887d1f99b78dd4fea56b2648b259b6ed,2019-07-16 06:10:04,2019-07-16 06:10:04
124,1.9,1.2,1.73,0.43,861.4,16.7,47.0,0.1,45046a1d8fb71115fa3d73a0fdaffb9df32da460,2019-07-16 06:10:04,2019-07-16 06:10:04
125,1.92,1.2,1.58,0.95,879.1,32.5,56.0,0.1,b16b002e1573f0f5b8dc8ab1db30500e39dd4406,2019-07-16 06:10:04,2019-07-16 06:10:04
126,2.08,1.2,1.47,0.65,865.4,37.3,72.0,0.1,51e66ece72ee3d0812865a13b6cae504c5ec18ce,2019-07-16 06:10:04,2019-07-16 06:10:04
127,1.89,1.2,1.54,0.69,874.3,31.4,40.0,0.1,7c7edec7a2b1097439af54d6015869f36f5d66cb,2019-07-16 06:10:04,2019-07-16 06:10:04
128,2.01,1.2,1.43,0.59,863.5,28.5,42.0,0.1,6fe0361d0df060598c4eeddae42e5b0cd8c8104e,2019-07-16 06:10:04,2019-07-16 06:10:04
129,1.99,1.2,1.75,0.61,868.8,28.6,68.0,0.1,0a9acb8c68a669993e09ffdd3ee77db1f6638c59,2019-07-16 06:12:28,2019-07-16 06:12:28
130,2.24,1.2,1.61,0.73,867.2,19.8,47.0,0.1,155e52653f52d4bb795f6a067ddd59ebd5c35daf,2019-07-16 06:12:28,2019-07-16 06:12:28
131,2.24,1.2,1.69,0.82,871.1,21.7,52.0,0.1,6f7c670dd658e694161ff42fe189994e3c247a34,2019-07-16 06:12:28,2019-07-16 06:12:28
132,2.3,1.2,1.67,0.59,866.7,35.2,68.0,0.1,5d9119205ef39c3ec291ae1da60477ad1553b93d,2019-07-16 06:12:28,2019-07-16 06:12:28
133,2.01,1.2,1.37,0.76,875.4,26.7,52.0,0.1,d6dd2aa4738c1193353f3895e0d976b430e45d17,2019-07-16 06:12:28,2019-07-16 06:12:28
134,2.03,1.2,1.55,0.75,872.8,41.7,35.0,0.1,fba2d7447fb4766c83505b59a890e9bdf82218c1,2019-07-16 06:12:28,2019-07-16 06:12:28
135,1.99,1.2,1.84,0.65,870.5,20.7,48.0,0.1,e6a2dab732e189a8147627b5bb961c8295adb0ff,2019-07-16 06:12:28,2019-07-16 06:12:28
136,2.07,1.2,1.58,0.57,869.3,17.0,45.0,0.1,8a9e9229e5da29292c243bdbd3b6c09a1b4fd864,2019-07-16 06:12:28,2019-07-16 06:12:28
137,2.24,1.2,1.55,0.63,877.8,40.8,43.0,0.1,4ac2e7f7bb9b4077a4a3c165bdaad7b1285113df,2019-07-16 06:12:28,2019-07-16 06:12:28
138,1.98,1.2,1.89,0.82,875.6,43.0,37.0,0.1,f69a5bef4ed903e179033bcb31a19e2a070e7270,2019-07-16 06:12:28,2019-07-16 06:12:28
139,1.93,1.2,1.6,0.84,859.2,29.1,51.0,0.1,f82e77fbf0d4279b197e41cf792db303b38f5626,2019-07-16 06:12:28,2019-07-16 06:12:28
140,2.15,1.2,1.59,0.79,868.9,27.7,54.0,0.1,fbda0f7ffded05d0feb04e356b316ac01ec57bba,2019-07-16 06:12:28,2019-07-16 06:12:28
141,1.9,1.2,1.9,0.81,868.9,19.2,58.0,0.1,d3a5840a426c3b8bc7089d27974700c186f0e1ce,2019-07-16 06:12:28,2019-07-16 06:12:28
142,1.81,1.2,1.62,0.75,869.1,18.5,60.0,0.1,3af1c1f6d1838fedd3af0c3c12e4bd3325715c31,2019-07-16 06:12:28,2019-07-16 06:12:28
143,2.09,1.2,1.61,0.81,870.5,33.7,38.0,0.1,ab0b3578be6d072693700e03c41cd49f9aa971f8,2019-07-16 06:12:28,2019-07-16 06:12:28
144,2.42,1.2,1.51,0.35,866.5,37.4,47.0,0.1,4281a05c8ef72c6de1a7ff8a7a7d7673881d8c4b,2019-07-16 06:12:28,2019-07-16 06:12:28
145,1.89,1.2,1.86,0.63,871.7,31.7,43.0,0.1,f831009bd6f9be6e1a3ea475730d508daff44829,2019-07-16 06:12:28,2019-07-16 06:12:28
146,2.42,1.2,1.89,0.77,869.4,37.0,65.0,0.1,e13c41dee2a8da17f959b24a569a38ee26803454,2019-07-16 06:12:28,2019-07-16 06:12:28
147,1.89,1.2,1.75,0.85,870.5,18.7,53.0,0.1,5fa1238d8e0d99d2d9c3dc7117fd86f97c6e3c4e,2019-07-16 06:12:28,2019-07-16 06:12:28
148,2.21,1.2,1.88,0.85,873.9,23.8,42.0,0.1,db692d17818f1106844bb7f36c440eae25eb3dd9,2019-07-16 06:12:28,2019-07-16 06:12:28
149,2.05,1.2,1.69,0.79,873.8,22.0,26.0,0.1,84f92294b18ee14d25a51de888976b17f0c4aab6,2019-07-16 06:12:28,2019-07-16 06:12:28
150,1.96,1.2,1.68,0.94,869.0,31.3,49.0,0.1,41c59a161de2f249da94b0f2a610ea7df4aa44b7,2019-07-16 06:12:28,2019-07-16 06:12:28
151,1.95,1.2,1.81,0.64,871.0,28.6,47.0,0.1,c4c72afd6e6f8e1590ffcc9a56532597436e68ae,2019-07-16 06:12:28,2019-07-16 06:12:28
152,2.08,1.2,1.29,0.8,862.5,34.3,33.0,0.1,06f3d3992ca2dd9ae6f49cf65fcf42b922b95100,2019-07-16 06:12:28,2019-07-16 06:12:28
153,2.18,1.2,1.57,0.47,869.1,31.7,54.0,0.1,1ab26bd35147efa784e20ad68c1e59c9efb3033a,2019-07-16 06:12:28,2019-07-16 06:12:28
154,1.96,1.2,1.35,0.32,870.4,32.5,72.0,0.1,7002c80b825ffe03e0454ca1bb55818fbd7caca2,2019-07-16 06:12:28,2019-07-16 06:12:28
155,2.12,1.2,1.48,0.67,870.7,29.9,51.0,0.1,dafeda42de8d987dfc1abfbce17e44f6d342e06c,2019-07-16 06:12:28,2019-07-16 06:12:28
156,2.39,1.2,1.98,0.68,877.5,26.9,48.0,0.1,4064208632ba083a4770140e0d159fb214542b0d,2019-07-16 06:12:28,2019-07-16 06:12:28
157,2.61,1.2,1.91,0.62,875.1,39.6,34.0,0.1,dcbcbf771972dfe0692b70b1f369e6db09283b48,2019-07-16 06:12:28,2019-07-16 06:12:28
158,2.05,1.2,1.8,0.59,869.2,26.7,43.0,0.1,9adfadf16156a9d037e862e3760f645536d94cb8,2019-07-16 06:12:28,2019-07-16 06:12:28
159,2.47,1.2,1.51,0.7,868.6,25.9,35.0,0.1,53211f89fe7efba3bc0f8f72d21f363f6601cdf0,2019-07-16 06:12:28,2019-07-16 06:12:28
160,2.38,1.2,1.61,0.75,874.4,30.0,51.0,0.1,10f63cec04402d7415d6dfef02be345959c97199,2019-07-16 06:12:28,2019-07-16 06:12:28
161,2.11,1.2,1.97,0.52,867.5,39.1,56.0,0.1,098d6f376f6c0a97060e047d46523481ae8e9c2d,2019-07-16 06:12:28,2019-07-16 06:12:28
162,1.87,1.2,1.57,0.43,864.3,46.0,53.0,0.1,19b859eff03fbcde78a0bd5202a5b5fb3996f76f,2019-07-16 06:12:28,2019-07-16 06:12:28
163,2.02,1.2,1.65,0.81,865.3,22.8,62.0,0.1,104b8294f7c08cf0814ab55547f5d22278319da7,2019-07-16 06:12:28,2019-07-16 06:12:28
164,2.14,1.2,1.84,0.89,872.6,25.8,59.0,0.1,5f1252e8935fe2554063a7462f93c532f8c53648,2019-07-16 06:12:28,2019-07-16 06:12:28
165,2.03,1.2,1.86,0.92,874.2,29.2,55.0,0.1,554bc08b4704086c2de82e27663cbc5f1bf4a510,2019-07-16 06:12:28,2019-07-16 06:12:28
166,2.11,1.2,1.7,0.86,860.3,24.3,63.0,0.1,5a4c3b055d96557af308d2867f0fe6e9a7a0f0f8,2019-07-16 06:12:28,2019-07-16 06:12:28
167,1.87,1.2,1.55,0.54,869.5,31.0,40.0,0.1,c999040cd979d4a085c4c3ff5547a63030badbf4,2019-07-16 06:12:28,2019-07-16 06:12:28
168,2.08,1.2,1.3,0.48,872.5,28.1,60.0,0.1,e4d75a320a3c498ddf070672675fc89cc8fe49f2,2019-07-16 06:12:28,2019-07-16 06:12:28
169,2.38,1.2,1.96,0.64,881.5,19.0,41.0,0.1,05224a50f378cba480f29a52ed8d71eee44baca5,2019-07-16 06:12:28,2019-07-16 06:12:28
170,2.14,1.2,1.72,0.5,871.4,34.2,59.0,0.1,896df56467bdb454fd80888a8a855e4751db0089,2019-07-16 06:12:28,2019-07-16 06:12:28
171,2.35,1.2,1.89,0.74,873.5,24.9,59.0,0.1,bb521c56aa5bda345dd48ccaa5fbbd0fa7c61c89,2019-07-16 06:12:28,2019-07-16 06:12:28
172,2.14,1.2,1.74,0.68,869.6,23.2,60.0,0.1,bc0e297f3a34b5702cd165f8036127ad022ad399,2019-07-16 06:12:28,2019-07-16 06:12:28
173,1.89,1.2,1.64,0.84,871.5,30.1,48.0,0.1,9f7d2c764a48378a0695c9bc332045cafd30a0b1,2019-07-16 06:12:28,2019-07-16 06:12:28
174,1.82,1.2,1.77,0.87,873.4,36.8,52.0,0.1,282d7efacbd8b1d65d0ee0df6b83c564cfe89036,2019-07-16 06:12:28,2019-07-16 06:12:28
175,2.35,1.2,1.34,0.65,879.2,22.9,61.0,0.1,3636a415c2f6d6178b86b24be497c18736cee420,2019-07-16 06:12:28,2019-07-16 06:12:28
176,1.94,1.2,1.3,0.68,871.2,36.4,44.0,0.1,8548d7b5cf8e6dc51c4ce7982c1c304ffaab0c8d,2019-07-16 06:12:28,2019-07-16 06:12:28
177,2.28,1.2,1.89,0.54,878.1,36.1,25.0,0.1,d2c0ef7f2a528433751257334fb11a0a7e2eb418,2019-07-16 06:12:28,2019-07-16 06:12:28
178,2.21,1.2,1.6,0.89,876.8,22.9,60.0,0.1,aa7dd13837161858f426562cb6ea5a6cfcf49628,2019-07-16 06:12:28,2019-07-16 06:12:28
179,1.89,1.2,1.76,0.74,864.0,16.8,58.0,0.1,a9bab5fbe6059906a5dc8d243ce78c898fd1f625,2019-07-16 06:12:28,2019-07-16 06:12:28
180,1.81,1.2,1.69,0.95,875.1,32.4,36.0,0.1,758b374c3e7a4dad458400342528bf4800caec51,2019-07-16 06:12:28,2019-07-16 06:12:28
181,2.32,1.2,1.57,0.94,868.2,38.4,55.0,0.1,b3291d75cbe4a2515e9901dad81ec3d5de342412,2019-07-16 06:12:28,2019-07-16 06:12:28
182,2.02,1.2,1.66,0.76,868.5,44.8,51.0,0.1,e26d7e0dfb0a896574efd98ec3511a235a1a45e4,2019-07-16 06:12:28,2019-07-16 06:12:28
183,2.04,1.2,1.63,0.54,879.3,29.6,50.0,0.1,355317261db68875340a917aae78af66173dd8da,2019-07-16 06:12:28,2019-07-16 06:12:28
184,1.84,1.2,1.65,0.72,873.8,24.1,40.0,0.1,1280f94888810d6e0acefad24d8bb97e1c0cf534,2019-07-16 06:12:28,2019-07-16 06:12:28
185,2.47,1.2,1.85,0.65,865.3,25.1,44.0,0.1,db3af154491500c6881ccca62be6b6d30002a0c5,2019-07-16 06:12:28,2019-07-16 06:12:28
186,2.19,1.2,1.83,0.81,868.0,30.0,58.0,0.1,7eb7e8eb4e6a2a333c72087b7b8abbc438317257,2019-07-16 06:12:28,2019-07-16 06:12:28
187,1.97,1.2,1.56,0.57,870.8,21.1,39.0,0.1,58bbe21aa91689f67dd894d7cd786d5456a4a734,2019-07-16 06:12:28,2019-07-16 06:12:28
188,1.97,1.2,1.67,0.79,859.9,23.6,51.0,0.1,2b0ecf33ba77fd99c7654a5e4e42feec50453711,2019-07-16 06:12:28,2019-07-16 06:12:28
189,2.26,1.2,1.6,0.64,871.8,18.2,39.0,0.1,ccf1e1457cf31f7f810cf40ce5beb91561a6a92e,2019-07-16 06:12:28,2019-07-16 06:12:28
190,2.0,1.2,1.8,0.93,863.4,30.6,42.0,0.1,f72ced3448fa0402fec0f46acdad73fd9672ff1b,2019-07-16 06:12:28,2019-07-16 06:12:28
191,2.31,1.2,1.59,0.7,880.3,25.7,70.0,0.1,0b5ddb58462c7c5d0d281a1aad56f746eed34062,2019-07-16 06:12:28,2019-07-16 06:12:28
192,2.22,1.2,1.44,0.79,861.9,21.3,45.0,0.1,5537a857cb07fb151885460a61c44f98b71b368d,2019-07-16 06:12:28,2019-07-16 06:12:28
193,2.13,1.2,1.69,0.74,883.2,33.0,41.0,0.1,736841043871c7b2dc6b913c8c8571a70b54c0f5,2019-07-16 06:12:28,2019-07-16 06:12:28
194,2.03,1.2,1.68,0.54,870.8,19.7,35.0,0.1,902c3fdb905e68e6fdc0d16986bb11b893178de4,2019-07-16 06:12:28,2019-07-16 06:12:28
195,2.12,1.2,1.77,0.43,877.0,20.3,41.0,0.1,d032d24008b3a448a45f356c6a373fe16690f466,2019-07-16 06:12:28,2019-07-16 06:12:28
196,2.27,1.2,1.56,0.87,869.9,36.9,54.0,0.1,3c282b98f94def6a8098c37b8e0451e440e6ba73,2019-07-16 06:12:28,2019-07-16 06:12:28
197,1.83,1.2,1.83,0.83,876.7,40.6,52.0,0.1,a88e0cc8fe7aea80b16d0adf16df63a8321da13a,2019-07-16 06:12:28,2019-07-16 06:12:28
198,2.16,1.2,1.84,0.84,868.7,31.2,50.0,0.1,caf1f9a3506d8b5bd52e9b2f83ce0ed6d88babf1,2019-07-16 06:12:28,2019-07-16 06:12:28
199,1.96,1.2,1.46,0.98,872.1,23.8,47.0,0.1,2bcd2c1cec63f48800b2dbdb30f8440cfecc510e,2019-07-16 06:12:28,2019-07-16 06:12:28
200,1.95,1.2,1.49,0.6,870.7,36.8,37.0,0.1,021bc8e3cde855a1740268192d99bc553b8d6eb5,2019-07-16 06:12:28,2019-07-16 06:12:28
201,2.08,1.2,1.92,0.64,864.1,19.4,59.0,0.1,d65140f2213f4ab1511e98257166e0a1b785b173,2019-07-16 06:12:28,2019-07-16 06:12:28
202,2.08,1.2,1.64,0.71,860.7,24.2,59.0,0.1,7189f8025965be67f3c85ce5f759048f6c546be4,2019-07-16 06:12:28,2019-07-16 06:12:28
203,1.96,1.2,1.51,0.51,859.6,20.2,54.0,0.1,ad6d01c04494ebc39c32d7531aaa2fadd5eb9207,2019-07-16 06:12:28,2019-07-16 06:12:28
204,2.29,1.2,1.74,0.59,868.3,22.0,62.0,0.1,ee7f5b567cce8959b54b47d8f86d2fc92929991c,2019-07-16 06:12:28,2019-07-16 06:12:28
205,2.18,1.2,1.88,0.77,874.4,31.2,54.0,0.1,7cb7ad8e218409f7ab7675db9cfc144e75f5bee8,2019-07-16 06:12:28,2019-07-16 06:12:28
206,2.18,1.2,1.61,0.83,862.1,22.0,56.0,0.1,de9e24c98f17f019dc1b37b541edd0f2a727fd6f,2019-07-16 06:12:28,2019-07-16 06:12:28
207,1.95,1.2,1.53,0.52,873.4,22.4,60.0,0.1,c3ae488e5604787707136bd1f9db1607ccde4d80,2019-07-16 06:12:28,2019-07-16 06:12:28
208,2.0,1.2,1.82,0.87,866.5,29.5,58.0,0.1,3a92505abba7ddbb05aa5df87a84ddea673c137a,2019-07-16 06:12:28,2019-07-16 06:12:28
209,1.9,1.2,1.53,0.75,867.3,22.7,55.0,0.1,ab2a66192ab6612e59b0591273dacdab666be78c,2019-07-16 06:12:28,2019-07-16 06:12:28
210,2.09,1.2,1.71,0.86,861.3,22.8,46.0,0.1,01660dbe8c1f543d16ef25fd256dac4630f7c885,2019-07-16 06:12:28,2019-07-16 06:12:28
211,2.2,1.2,1.83,0.78,865.3,22.4,63.0,0.1,46230e844f56ed14259ac4bab18ae3009d152cb5,2019-07-16 06:12:28,2019-07-16 06:12:28
212,2.16,1.2,1.41,0.54,872.0,39.8,47.0,0.1,2e512e32e542ec585c94014d02c09677b3bba5bd,2019-07-16 06:12:28,2019-07-16 06:12:28
213,2.42,1.2,1.88,0.42,868.0,30.2,56.0,0.1,472f21777749292c578ca5ec6f873ae24223e7e0,2019-07-16 06:12:28,2019-07-16 06:12:28
214,2.28,1.2,1.67,0.62,867.2,23.2,53.0,0.1,c806f9d06ba1dd550dab8b4864fea77982c00545,2019-07-16 06:20:39,2019-07-16 06:20:39
215,2.03,1.2,1.55,0.69,873.4,34.0,66.0,0.1,1e5014f67668986e0054454861f72bc681e2e720,2019-07-16 06:20:39,2019-07-16 06:20:39
216,2.27,1.2,1.47,0.6,865.9,41.3,50.0,0.1,1e80512b5fea20bc07fce3768b651715d3b7e6d7,2019-07-16 06:20:39,2019-07-16 06:20:39
217,1.86,1.2,1.59,0.54,872.2,46.6,76.0,0.1,9ff115e9c9a10a0dd97ae81e68a4a4b89c4f558d,2019-07-16 06:20:39,2019-07-16 06:20:39
218,2.15,1.2,1.75,0.78,869.1,41.4,50.0,0.1,f2be50a7b57f8e00965f573dab955a2c590b418c,2019-07-16 06:20:39,2019-07-16 06:20:39
219,2.02,1.2,1.51,0.29,865.7,36.8,56.0,0.1,3e6957aae80edbf0ed31fd55dbe87f630d075820,2019-07-16 06:20:39,2019-07-16 06:20:39
220,2.15,1.2,1.72,0.87,878.9,24.5,37.0,0.1,bc8a8543ebe3cbafbe25e44d890a191edf0d29de,2019-07-16 06:20:39,2019-07-16 06:20:39
221,1.93,1.2,1.65,0.33,866.0,37.2,44.0,0.1,61268e4fccf1086aa38411c0d68c6f8ca239b18a,2019-07-16 06:20:39,2019-07-16 06:20:39
222,2.08,1.2,1.66,0.97,869.6,23.7,43.0,0.1,11ce1b528c8336823b28b15015515ec57e0a5b3f,2019-07-16 06:20:39,2019-07-16 06:20:39
223,2.58,1.2,1.86,0.23,869.0,25.1,42.0,0.1,09c42da96c4963407f5c6d6223084130ea02f38a,2019-07-16 06:20:39,2019-07-16 06:20:39
224,1.95,1.2,1.57,0.64,859.7,34.1,39.0,0.1,129662b29ce90a2391acd5f7eda39b9795e5c8f0,2019-07-16 06:20:39,2019-07-16 06:20:39
225,2.25,1.2,1.28,0.83,861.5,25.4,59.0,0.1,59c56840ebd54ec7c11d6a3f4390f8d449522ebb,2019-07-16 06:20:39,2019-07-16 06:20:39
226,1.85,1.2,1.76,0.84,862.1,29.7,27.0,0.1,63ebe8aa5dbedf79c3ae5fd73c99e432ad817ae8,2019-07-16 06:20:39,2019-07-16 06:20:39
227,2.18,1.2,1.24,0.55,873.1,33.0,41.0,0.1,2c68360d3ab1c8a78791a8550eeb709c4b6af183,2019-07-16 06:20:39,2019-07-16 06:20:39
228,1.97,1.2,1.77,0.46,871.7,48.0,41.0,0.1,634403db12ced2a989acd2a1e3fee3db580171fd,2019-07-16 06:20:39,2019-07-16 06:20:39
229,2.24,1.2,1.25,0.62,879.5,31.1,51.0,0.1,893769a05a5228d33af2d17b993e1a6f3ea65805,2019-07-16 06:20:39,2019-07-16 06:20:39
230,2.29,1.2,1.63,0.73,873.6,28.8,53.0,0.1,4be3f9189b72ca47c9799b03b33650ae82d1b6f9,2019-07-16 06:20:39,2019-07-16 06:20:39
231,1.84,1.2,1.56,0.45,867.5,42.8,44.0,0.1,17ffb73144dcf6a2a95f38f1b0ed713801aed6e5,2019-07-16 06:20:39,2019-07-16 06:20:39
232,2.26,1.2,1.77,0.81,870.3,22.9,60.0,0.1,5714185ec3b5a4657c4f7066b2b1d43dd8863f7b,2019-07-16 06:20:39,2019-07-16 06:20:39
233,2.34,1.2,1.67,0.44,878.0,28.9,37.0,0.1,32907f500b62628196b66612acfa2ca73feb45ad,2019-07-16 06:20:39,2019-07-16 06:20:39
234,2.12,1.2,1.51,0.59,873.5,48.5,51.0,0.1,fb3a937ab42c33a8be705bdfed30dfc1fe525e05,2019-07-16 06:20:39,2019-07-16 06:20:39
235,1.93,1.2,1.78,0.64,869.5,39.4,36.0,0.1,b2570a6e154b68193584c149d7e16115e1a865a3,2019-07-16 06:20:39,2019-07-16 06:20:39
236,2.34,1.2,1.82,0.64,865.3,30.5,70.0,0.1,104b15579bf3b8ddac611ad15ea301110b5f6fd6,2019-07-16 06:20:39,2019-07-16 06:20:39
237,1.97,1.2,1.65,0.46,868.4,46.3,40.0,0.1,976d2976241ecc9eb7b21d29d623b0a2e592ac4c,2019-07-16 06:20:39,2019-07-16 06:20:39
238,2.39,1.2,1.86,0.78,866.9,21.9,63.0,0.1,399ca69a22a16a5c3d89888cce872d3f5b9905d3,2019-07-16 06:20:39,2019-07-16 06:20:39
239,2.03,1.2,1.88,0.61,875.2,21.2,55.0,0.1,43889426392d7e66765102b193da732529599d71,2019-07-16 06:20:39,2019-07-16 06:20:39
240,2.22,1.2,1.67,0.6,872.6,38.0,60.0,0.1,f6bdf6c484edb181142bcd8ef7e22d4e6967544a,2019-07-16 06:20:39,2019-07-16 06:20:39
241,2.35,1.2,1.83,0.62,871.8,26.9,50.0,0.1,51b3c413b1aa7a7cbf8888c58cde9f43fd7976ac,2019-07-16 06:20:39,2019-07-16 06:20:39
242,2.29,1.2,1.52,0.45,868.9,30.8,59.0,0.1,4d2ff8d4470eb2b9233c6d673f4575c5222bc671,2019-07-16 06:20:39,2019-07-16 06:20:39
243,1.98,1.2,1.76,0.63,872.3,27.3,40.0,0.1,d3344cdedcec32056d9d88852a69d298fb148694,2019-07-16 06:20:39,2019-07-16 06:20:39
244,2.02,1.2,1.86,0.68,870.3,41.8,53.0,0.1,2ab313f9726fc1b4d131689dca821cc89e49bef8,2019-07-16 06:20:39,2019-07-16 06:20:39
245,1.84,1.2,1.41,0.93,872.7,46.3,73.0,0.1,d38351b55881d42edb2dbab81d735f7a6f2a6f87,2019-07-16 06:20:39,2019-07-16 06:20:39
246,2.36,1.2,1.61,0.16,868.9,27.6,55.0,0.1,10ce57a6d962153d03fc1f1d11120cdaaf6d2251,2019-07-16 06:20:39,2019-07-16 06:20:39
247,2.09,1.2,1.88,0.5,866.6,29.4,52.0,0.1,51556f3f0619f902f1f1ab66aba178d61f77e5ce,2019-07-16 06:20:39,2019-07-16 06:20:39
248,2.51,1.2,1.69,0.97,863.5,41.0,57.0,0.1,1a63f3017c5ab61fc54140bec8c0503cc00ff6dd,2019-07-16 06:20:39,2019-07-16 06:20:39
249,1.85,1.2,1.87,0.22,870.1,35.6,52.0,0.1,b33a1a288a7ddb2383fc2d3cc4cd2bd87141a74d,2019-07-16 06:20:39,2019-07-16 06:20:39
250,1.84,1.2,1.88,0.83,872.2,42.4,56.0,0.1,676f11dc56f91c301d4525c8df8abf36e3acc391,2019-07-16 06:20:39,2019-07-16 06:20:39
251,2.24,1.2,1.83,0.91,876.6,46.1,52.0,0.1,3f74b92cbcdc4ebe015889fd10cf5235cc3c2aaa,2019-07-16 06:20:39,2019-07-16 06:20:39
252,2.24,1.2,1.18,0.45,871.8,42.1,65.0,0.1,6390828b1a3044e6f3003b29b2a6f9f75ce261de,2019-07-16 06:20:39,2019-07-16 06:20:39
253,2.14,1.2,1.46,0.85,871.7,22.4,41.0,0.1,f3ad280e6235cd263a83375f2149d6af24e8abe0,2019-07-16 06:20:39,2019-07-16 06:20:39
254,2.22,1.2,1.48,0.45,877.8,26.6,50.0,0.1,3bfc7cbc69bbaed4e000747c1645316e3d7c3331,2019-07-16 06:20:39,2019-07-16 06:20:39
255,2.58,1.2,1.41,0.71,861.1,28.2,39.0,0.1,8cc0dcb71d0f3e7e6a86b1399b332d253ab164ca,2019-07-16 06:20:39,2019-07-16 06:20:39
256,2.39,1.2,1.61,0.6,879.0,39.6,35.0,0.1,8c12adbf56d00bd16e02fd4ff6b5b2b1093666bb,2019-07-16 06:20:39,2019-07-16 06:20:39
257,2.14,1.2,1.77,0.71,876.2,58.2,65.0,0.1,0a7322d017c398fc3a32933d8c6f9df5b41b226e,2019-07-16 06:20:39,2019-07-16 06:20:39
258,2.15,1.2,1.6,0.67,869.2,32.9,53.0,0.1,bb5ad012de762027717bc1c11b419491f4488ac6,2019-07-16 06:20:39,2019-07-16 06:20:39
259,2.12,1.2,1.87,0.72,874.4,32.2,56.0,0.1,1e495a1277a1a52cb6ebbd543bb6a9a801f06b83,2019-07-16 06:20:39,2019-07-16 06:20:39
260,1.89,1.2,1.52,0.81,870.8,49.2,42.0,0.1,da2a7ecc092f719dcd20cd1a4a8507feb419d3f4,2019-07-16 06:20:39,2019-07-16 06:20:39
261,2.27,1.2,1.58,0.49,867.9,34.6,46.0,0.1,fce30a3c4ba7e474a95a7cefc6106434a65e2705,2019-07-16 06:20:39,2019-07-16 06:20:39
262,2.36,1.2,1.66,0.57,870.5,29.2,35.0,0.1,062851da4048fa4240c3e04942e3998b43b90f9e,2019-07-16 06:20:39,2019-07-16 06:20:39
263,2.39,1.2,1.7,0.24,868.8,35.5,42.0,0.1,ff92a7c35a5b2998fc5c75d6eecc5a681fcd6dd3,2019-07-16 06:20:39,2019-07-16 06:20:39
264,2.28,1.2,1.66,0.72,866.3,39.4,44.0,0.1,9d159a400d529fd740434bc026d234c490a4bb3d,2019-07-16 06:20:39,2019-07-16 06:20:39
265,2.48,1.2,1.33,0.56,868.8,20.6,57.0,0.1,d41ba0e68008e5fd0643941c03e300c03828b610,2019-07-16 06:20:39,2019-07-16 06:20:39
266,2.13,1.2,1.78,0.97,872.8,43.8,39.0,0.1,eeb1d1c695ba1532cd18f5c5c7c208d4fb58fc61,2019-07-16 06:20:39,2019-07-16 06:20:39
267,1.84,1.2,1.95,0.81,873.5,43.2,54.0,0.1,6bff695ae475560e43a1d70258b2943c1c71cbf1,2019-07-16 06:20:39,2019-07-16 06:20:39
268,1.83,1.2,1.47,0.76,877.9,44.2,50.0,0.1,19b476c9ba0a0f8375a742eb2ad7dd5580db0b10,2019-07-16 06:20:39,2019-07-16 06:20:39
269,2.27,1.2,1.63,0.7,878.1,37.3,44.0,0.1,888342e8855a90850c2c17c5407ab2184b33ea76,2019-07-16 06:20:39,2019-07-16 06:20:39
270,2.21,1.2,1.96,0.48,861.5,58.2,48.0,0.1,1001551885a3d84c4555199ecc378da95d529384,2019-07-16 06:20:39,2019-07-16 06:20:39
271,2.14,1.2,1.7,0.66,864.1,43.7,34.0,0.1,6d5a23c161de1988dfbe4ae8bc96aa296ba77dd6,2019-07-16 06:20:39,2019-07-16 06:20:39
272,1.84,1.2,1.35,0.78,864.8,19.6,56.0,0.1,7315cea23bf1ca4bb7bb585e6d04457ef93ee5c2,2019-07-16 06:20:39,2019-07-16 06:20:39
273,2.6,1.2,1.66,0.57,866.9,37.7,67.0,0.1,f1cfd29c2828369fe59aad491fe6346fbb30666a,2019-07-16 06:20:39,2019-07-16 06:20:39
274,1.95,1.2,1.45,0.71,864.8,42.3,49.0,0.1,1906c6ee03b287ca614955b1716fc0a0b23a7edf,2019-07-16 06:20:39,2019-07-16 06:20:39
275,2.01,1.2,1.4,0.44,879.7,26.5,40.0,0.1,097246a5574de46c223b06e6b4b7f0b5367c3fac,2019-07-16 06:20:39,2019-07-16 06:20:39
276,1.89,1.2,1.37,0.39,868.4,40.6,52.0,0.1,49389c90a99fe027965db8ad9b8c55dccc564331,2019-07-16 06:20:39,2019-07-16 06:20:39
277,2.23,1.2,1.63,0.7,874.0,25.0,50.0,0.1,a62de85037cdaab91ab3e09451d0fefca7964a2c,2019-07-16 06:20:39,2019-07-16 06:20:39
278,1.91,1.2,1.69,0.47,871.7,38.4,55.0,0.1,4c00efac12b625a16f9b82be4e0e9b1faf365b4b,2019-07-16 06:20:39,2019-07-16 06:20:39
279,1.85,1.2,1.68,0.77,868.0,42.0,52.0,0.1,a9c2589812db21cde4d9f711eabe2cb905d7cbd8,2019-07-16 06:20:39,2019-07-16 06:20:39
280,1.95,1.2,1.52,0.85,869.0,46.1,55.0,0.1,40be68ebefbd09d9c975edadabe667081315371f,2019-07-16 06:20:39,2019-07-16 06:20:39
281,2.4,1.2,1.39,0.29,868.5,51.1,40.0,0.1,6cd2154841a16d5ae886a0761fd4704324e3cff2,2019-07-16 06:20:39,2019-07-16 06:20:39
282,2.32,1.2,1.77,0.44,872.3,25.4,45.0,0.1,18970c1284db10452d3f28e2db877d4260ee2715,2019-07-16 06:20:39,2019-07-16 06:20:39
283,2.2,1.2,1.85,0.37,870.4,34.5,38.0,0.1,3f1da4f771f0f38fe24e1fe305f22363d33498eb,2019-07-16 06:20:39,2019-07-16 06:20:39
284,2.26,1.2,1.68,0.48,870.4,40.8,44.0,0.1,f90508180bd52da42685f6a53c71c43409cff2cf,2019-07-16 06:20:39,2019-07-16 06:20:39
285,2.48,1.2,1.68,0.72,863.9,46.9,32.0,0.1,c0c3924cd1f1e38955dfc9341d2da59a7769ef0b,2019-07-16 06:20:39,2019-07-16 06:20:39
286,2.16,1.2,1.53,0.93,861.6,41.2,60.0,0.1,e28304c02b1afdc9c9dd401d2fc171e37f10bf45,2019-07-16 06:20:39,2019-07-16 06:20:39
287,1.93,1.2,1.46,0.4,871.7,28.2,54.0,0.1,8e6aa3394722a6c6a067d73bf4e19b6987ac2c97,2019-07-16 06:20:39,2019-07-16 06:20:39
288,1.9,1.2,1.34,0.7,875.3,29.6,37.0,0.1,f48485088e8351553adaf7a84d82348989206025,2019-07-16 06:20:39,2019-07-16 06:20:39
289,2.34,1.2,1.55,0.19,874.1,32.5,49.0,0.1,4f290c15d25bfe070e1d3a50c4d3ac12457917c7,2019-07-16 06:20:39,2019-07-16 06:20:39
290,2.25,1.2,1.5,0.45,870.0,38.4,67.0,0.1,0a22f45c715ea2e89b44fa1930d01a438fe68602,2019-07-16 06:20:39,2019-07-16 06:20:39
291,2.07,1.2,1.51,0.45,867.9,47.3,47.0,0.1,b7df9f674e8cb85c4aee11f15feb636ef9e40c78,2019-07-16 06:20:39,2019-07-16 06:20:39
292,2.33,1.2,1.51,0.35,862.0,49.6,60.0,0.1,eb04cf311c9e9e8fb77c449e1398845be4306d8a,2019-07-16 06:20:39,2019-07-16 06:20:39
293,2.13,1.2,1.58,0.36,872.4,35.8,52.0,0.1,de0e18cf64a4f804be130114ef9e6e7e81399057,2019-07-16 06:20:39,2019-07-16 06:20:39
294,1.99,1.2,1.62,0.82,864.4,37.3,36.0,0.1,c3d909b80a6db749490f91a263c01fd0eaee63d0,2019-07-16 06:20:39,2019-07-16 06:20:39
295,2.72,1.2,1.51,0.66,868.3,40.9,57.0,0.1,179b19ef018a371bed4635b10ed04cb58eb0b432,2019-07-16 06:20:39,2019-07-16 06:20:39
296,2.07,1.2,1.51,0.44,874.7,34.6,47.0,0.1,1023a0d72260d94557c240246aa682a91590645b,2019-07-16 06:20:39,2019-07-16 06:20:39
297,2.41,1.2,1.51,0.73,868.5,45.3,38.0,0.1,a93cee455738f1da3897ea9463d0c922e62e669c,2019-07-16 06:20:39,2019-07-16 06:20:39
298,2.0,1.2,1.61,0.72,876.6,50.4,60.0,0.1,51df3faa2d5adc6297db3da26855cfbc5d5f5944,2019-07-16 06:20:39,2019-07-16 06:20:39
299,2.17,1.2,1.69,0.64,881.6,37.1,55.0,0.1,2f89094513696b3697ee0010048745228a543673,2019-07-16 06:20:39,2019-07-16 06:20:39
300,2.14,1.2,1.89,0.53,877.6,38.6,54.0,0.1,866b16fe9aa887903705edf48d2cf3bd7adae4e9,2019-07-16 06:20:39,2019-07-16 06:20:39
301,2.64,1.2,1.7,0.79,864.0,40.2,65.0,0.1,85e27d68b66a362d1a1134058ded07c6fde1580c,2019-07-16 06:20:39,2019-07-16 06:20:39
302,2.1,1.2,1.73,0.46,863.0,17.4,42.0,0.1,e6ed09df9d679cd1722d05bfcbcb728eb83d4cff,2019-07-16 06:20:39,2019-07-16 06:20:39
303,2.01,1.2,1.82,0.63,870.0,39.1,43.0,0.1,9a1c62c699cdc2c5c2ec2d9151ca1244d83a4fa8,2019-07-16 06:20:39,2019-07-16 06:20:39
304,2.44,1.2,1.51,0.87,862.3,17.5,46.0,0.1,65b2bafd2ca5ee901eed4467583343d01035d0be,2019-07-16 06:20:39,2019-07-16 06:20:39
305,2.02,1.2,1.66,0.25,874.0,38.3,47.0,0.1,02a162d450c68ad36ecd3987c88a0a43515e7104,2019-07-16 06:20:39,2019-07-16 06:20:39
306,2.3,1.2,1.63,0.75,868.7,23.2,57.0,0.1,ff3374a51d081df0d2df2d512b028a6804a23128,2019-07-16 06:20:39,2019-07-16 06:20:39
307,2.19,1.2,1.68,0.51,873.9,38.3,49.0,0.1,6f5b35732e84729ad2b1dc671dacaaa988586af9,2019-07-16 06:20:39,2019-07-16 06:20:39
308,2.06,1.2,1.52,0.57,876.8,39.0,43.0,0.1,458ace57c9bc4d7d0936444c3734ed4e7fe04358,2019-07-16 06:20:39,2019-07-16 06:20:39
309,2.01,1.2,1.84,0.23,863.8,33.1,41.0,0.1,7a3cbd459244c56c237b32312cade4904b078e3c,2019-07-16 06:20:39,2019-07-16 06:20:39
310,2.01,1.2,1.91,0.52,872.7,31.8,60.0,0.1,310e582ef9b60526af886fef9a51eadc02edab01,2019-07-16 06:20:39,2019-07-16 06:20:39
311,2.3,1.2,1.71,0.64,865.5,23.6,40.0,0.1,48e1ce15d2b45c69ef79f8e208e7cdaf55211aa4,2019-07-16 06:20:39,2019-07-16 06:20:39
312,2.04,1.2,1.45,0.57,868.5,39.2,40.0,0.1,b25bf9c6ba5df210df93ea2b4fe90e4129677025,2019-07-16 06:20:39,2019-07-16 06:20:39
313,1.94,1.2,1.55,0.39,872.4,48.1,49.0,0.1,b5e48845c554f7fcbfc4ae65ad325fa89ef3c80f,2019-07-16 06:20:39,2019-07-16 06:20:39
314,2.01,1.2,1.62,0.14,870.5,30.4,40.0,0.1,f128ef43baf982025eec1d1287cd768e5171f412,2019-07-16 06:20:39,2019-07-16 06:20:39
315,1.91,1.2,1.13,0.46,870.3,34.0,40.0,0.1,a46220162795bb68573a5bd0ab54908791ca4dd6,2019-07-16 06:20:39,2019-07-16 06:20:39
316,1.96,1.2,1.29,0.63,862.2,51.5,56.0,0.1,b8a07ba04573c7100115bac3cbaec02f21acdc66,2019-07-16 06:20:39,2019-07-16 06:20:39
317,2.25,1.2,1.6,0.72,865.0,25.8,54.0,0.1,c42b67069133ddd97a4a3fc6330c0f0ae397ce11,2019-07-16 06:20:39,2019-07-16 06:20:39
318,2.04,1.2,1.63,0.48,877.3,36.4,57.0,0.1,93ff65679068a5109770068817ff85ece907f78a,2019-07-16 06:20:39,2019-07-16 06:20:39
319,2.51,1.2,1.8,0.6,857.8,50.5,41.0,0.1,b696ad9991e363ef4bb8d02297d559033b1d5f21,2019-07-16 06:20:39,2019-07-16 06:20:39
320,2.12,1.2,1.69,0.85,872.9,20.8,42.0,0.1,45d6c08356f4dfe19c91b9d598b461e1461abcdb,2019-07-16 06:20:39,2019-07-16 06:20:39
321,1.94,1.2,1.61,0.44,870.8,53.7,48.0,0.1,9e49820ceb48ef2997091ae1604b1f643a63c41c,2019-07-16 06:20:39,2019-07-16 06:20:39
322,1.86,1.2,1.51,0.65,876.8,20.0,43.0,0.1,a07156fa017d2ee2eb948af0c4a52b74f457294a,2019-07-16 06:20:39,2019-07-16 06:20:39
323,1.82,1.2,1.82,0.94,875.7,50.9,47.0,0.1,8ab40e3608f66e8c8b99312b1e25cf9261d39987,2019-07-16 06:20:39,2019-07-16 06:20:39
324,1.85,1.2,1.35,0.35,874.6,37.1,49.0,0.1,3f07347618007e46a1ddea9eb27c2fcf00f8d6e5,2019-07-16 06:20:39,2019-07-16 06:20:39
325,2.55,1.2,1.72,0.5,883.1,34.6,37.0,0.1,636f50551cf5c5d8d51812d74138a98cb2576581,2019-07-16 06:20:39,2019-07-16 06:20:39
326,2.29,1.2,1.49,0.58,864.4,32.8,40.0,0.1,e6b6d4af2ef5e3decdee82139a26403f3e791963,2019-07-16 06:20:39,2019-07-16 06:20:39
327,2.14,1.2,1.31,0.79,870.2,44.9,50.0,0.1,5eeda3d2406ed62b4e2e5bb0edf59f05d1f391e0,2019-07-16 06:20:39,2019-07-16 06:20:39
328,2.11,1.2,1.4,0.41,876.9,19.7,49.0,0.1,1775a47588e4fdb724911eb9d943c36fad827ea6,2019-07-16 06:20:39,2019-07-16 06:20:39
329,2.08,1.2,1.26,0.82,873.3,32.1,46.0,0.1,e0d0a5236200584604412b2ef5eeec72ef4c9f6d,2019-07-16 06:20:39,2019-07-16 06:20:39
330,1.84,1.2,1.57,0.65,867.9,32.2,53.0,0.1,e0bf5565ded81903e47f782af7d3803bc7adbd3e,2019-07-16 06:20:39,2019-07-16 06:20:39
331,2.3,1.2,1.8,0.56,857.6,28.1,44.0,0.1,64be8aafca402846a28976b39f68435952a0d0a9,2019-07-16 06:20:39,2019-07-16 06:20:39
332,1.91,1.2,1.44,0.08,865.6,53.0,49.0,0.1,63adc20ceb7590b3385be10aa3eabec2f79cb519,2019-07-16 06:20:39,2019-07-16 06:20:39
333,2.15,1.2,1.33,0.87,868.8,31.9,75.0,0.1,63e0a610b695cb059bc0702d12e333b5d2bc2317,2019-07-16 06:20:39,2019-07-16 06:20:39
334,2.28,1.2,1.25,0.58,870.2,31.8,26.0,0.1,2ded52ea866a97e3068f491500adb2c90855b33e,2019-07-16 06:20:39,2019-07-16 06:20:39
335,1.97,1.2,1.26,0.87,867.4,53.3,51.0,0.1,6dccfa13184490ff6b8d05f59f4638443a976bfe,2019-07-16 06:20:39,2019-07-16 06:20:39
336,2.1,1.2,1.87,0.9,865.2,31.3,66.0,0.1,1f4b5b4f3541543395b5e695ee2ae8b8604f5d97,2019-07-16 06:20:39,2019-07-16 06:20:39
337,2.2,1.2,1.53,0.64,878.2,57.0,39.0,0.1,fa918b3412fb40883243b4d1d9609c817ebf131f,2019-07-16 06:20:39,2019-07-16 06:20:39
338,2.41,1.2,1.7,0.98,875.9,34.6,41.0,0.1,ae9113d6101e6f16c6fe64895ae2defdaf093a9d,2019-07-16 06:20:39,2019-07-16 06:20:39
339,2.0,1.2,1.62,0.34,871.2,61.1,57.0,0.1,c41559d2a87c5dd2024bef8bda11d939cbeadead,2019-07-16 06:20:39,2019-07-16 06:20:39
340,2.16,1.2,1.68,0.46,867.4,43.0,55.0,0.1,4989748e837365fc5e64f7910877b9978d8211b7,2019-07-16 06:20:39,2019-07-16 06:20:39
341,2.3,1.2,1.82,0.65,870.0,56.2,34.0,0.1,38426838b86373f2a69855056f0351c7a77084cf,2019-07-16 06:20:39,2019-07-16 06:20:39
342,2.05,1.2,1.73,0.63,879.2,25.1,62.0,0.1,942c317765a9b7efa1291f663675abb865b1dadb,2019-07-16 06:20:39,2019-07-16 06:20:39
343,1.93,1.2,1.62,0.47,871.9,30.7,23.0,0.1,5bd1152386df03d617a6bbf8cc35ebaab8979c91,2019-07-16 06:20:39,2019-07-16 06:20:39
344,2.31,1.2,1.62,0.55,874.2,32.9,43.0,0.1,05e2dcc7a8432b8544bcfc1584f6f2cab79b2dbf,2019-07-16 06:20:39,2019-07-16 06:20:39
345,1.87,1.2,1.55,0.63,869.0,41.5,47.0,0.1,5243ebfe5e5511575b335f97dd297e81090cad0a,2019-07-16 06:20:39,2019-07-16 06:20:39
346,1.99,1.2,1.87,0.5,873.9,52.3,37.0,0.1,648306cabdfe9581b7ff8ae9f554832760e43ff7,2019-07-16 06:20:39,2019-07-16 06:20:39
347,2.24,1.2,1.44,0.38,867.8,27.1,41.0,0.1,5f13da271aa1c147b0830855526043b0efad8257,2019-07-16 06:20:39,2019-07-16 06:20:39
348,1.94,1.2,1.42,0.36,870.8,25.8,50.0,0.1,9bb8788b5f72db66da8a6e54fa1e1c5f58a6acc8,2019-07-16 06:20:39,2019-07-16 06:20:39
349,1.95,1.2,1.6,0.16,871.5,20.5,54.0,0.1,39217f6a85839acc441e857350e0af2cb2c3b6f0,2019-07-16 06:20:39,2019-07-16 06:20:39
350,1.81,1.2,1.98,0.34,864.0,49.4,51.0,0.1,21974fbf3d29597fc3a92a45886af01680d94e30,2019-07-16 06:20:39,2019-07-16 06:20:39
351,2.14,1.2,1.59,0.73,872.7,22.0,46.0,0.1,8268685359103a72df217bae6cdb0bc044a551dc,2019-07-16 06:20:39,2019-07-16 06:20:39
352,2.11,1.2,1.42,0.3,866.7,59.6,48.0,0.1,c1d45445e3b1d0281b00b4671971700204fb8f32,2019-07-16 06:20:39,2019-07-16 06:20:39
353,2.03,1.2,1.4,0.46,865.7,41.6,63.0,0.1,e1af76f970c567b836c218a74f0e697f79385c2c,2019-07-16 06:20:39,2019-07-16 06:20:39
354,1.92,1.2,1.69,0.54,865.7,26.3,51.0,0.1,0c9948cc342f67561d459030544fd46fddefcc35,2019-07-16 06:20:39,2019-07-16 06:20:39
355,1.96,1.2,1.49,0.4,879.3,42.6,54.0,0.1,0e690899bef7d3f5b2b5ea1a8a840990cdbafd31,2019-07-16 06:20:39,2019-07-16 06:20:39
356,1.98,1.2,1.58,0.87,860.2,33.2,49.0,0.1,c605bcba0834b2b3e1d291bedbea0600d34d50a0,2019-07-16 06:20:39,2019-07-16 06:20:39
357,2.01,1.2,1.75,0.84,869.9,32.6,74.0,0.1,3c9872ac4e011ad3c51954cbe3bfaee56b0bdaf6,2019-07-16 06:20:39,2019-07-16 06:20:39
358,2.0,1.2,1.67,0.84,865.8,33.9,55.0,0.1,250dcd51877c0814941e3a0573bf3343e7c9dcff,2019-07-16 06:20:39,2019-07-16 06:20:39
359,2.37,1.2,1.43,0.52,865.3,44.8,50.0,0.1,4cb6de31a016146403715d1e50bd7644e2295c9f,2019-07-16 06:20:39,2019-07-16 06:20:39
360,2.17,1.2,1.39,0.55,862.7,27.3,48.0,0.1,1479146530b2f71dde7ed561d12c43867f0e97a9,2019-07-16 06:20:39,2019-07-16 06:20:39
361,2.5,1.2,1.93,0.52,873.4,24.9,59.0,0.1,11aaac04b1187f50ed2380affa45073744dd11cd,2019-07-16 06:20:39,2019-07-16 06:20:39
362,2.27,1.2,1.46,0.48,879.7,52.4,52.0,0.1,deb072efe8a18c5596c14709a3a4490e15638ec3,2019-07-16 06:20:39,2019-07-16 06:20:39
363,2.29,1.2,1.27,0.56,873.6,51.2,67.0,0.1,9c6c9d69d735e5ad8d7be42ca4b0e8d408b5dcb7,2019-07-16 06:20:39,2019-07-16 06:20:39
364,2.34,1.2,1.57,0.49,868.2,34.5,59.0,0.1,ed12f851ed919d695699663aaf12e6460b7fc2d4,2019-07-16 06:20:39,2019-07-16 06:20:39
365,1.97,1.2,1.51,0.75,864.6,18.3,55.0,0.1,0f1a701137f3f5e651f9f8841459ea60496edcee,2019-07-16 06:20:39,2019-07-16 06:20:39
366,1.88,1.2,1.63,0.47,867.3,35.4,47.0,0.1,0cd61ff9febe89da9b22529b7077e32c644244e1,2019-07-16 06:20:39,2019-07-16 06:20:39
367,2.19,1.2,1.7,0.62,869.0,33.2,49.0,0.1,e548173e9450ee0767e49399f93d934b8303f96d,2019-07-16 06:20:39,2019-07-16 06:20:39
368,2.11,1.2,1.38,0.56,861.0,21.4,36.0,0.1,f346f4e4096294b715d3893968ae7567cffd8e04,2019-07-16 06:20:39,2019-07-16 06:20:39
369,2.54,1.2,1.78,0.6,865.6,43.1,45.0,0.1,3a797beaa90970e897c7a5bfd78e3cd999b1a5f9,2019-07-16 06:20:39,2019-07-16 06:20:39
370,2.15,1.2,1.6,0.68,871.9,47.4,55.0,0.1,7e8a3b6e277f23092ccf6ffadce9ea500bde71f7,2019-07-16 06:20:39,2019-07-16 06:20:39
371,2.0,1.2,1.86,0.5,864.1,32.5,49.0,0.1,7bbe8310cdcd06596620ef67c66e06e5dee0e441,2019-07-16 06:20:39,2019-07-16 06:20:39
372,2.36,1.2,1.49,0.91,868.2,36.8,48.0,0.1,594f61c0997266a2cf9f3858c5b988b17eb04e80,2019-07-16 06:20:39,2019-07-16 06:20:39
373,2.2,1.2,1.72,0.7,865.9,23.9,72.0,0.1,8f808435c31e68ef089d95ea72626a0edec5c0c9,2019-07-16 06:20:39,2019-07-16 06:20:39
374,2.14,1.2,1.77,0.36,866.6,34.2,51.0,0.1,f2ea5d71b52b2adfea00a4d7cf086d370b366c94,2019-07-16 06:20:39,2019-07-16 06:20:39
375,2.22,1.2,1.88,0.28,869.6,41.0,67.0,0.1,dabdf1469d2d3c078c1b98c114d522c2691329f4,2019-07-16 06:20:39,2019-07-16 06:20:39
376,2.17,1.2,1.4,0.71,861.7,20.9,53.0,0.1,744a0aa015e27bc211f5ef8caf47f5565bc33606,2019-07-16 06:20:39,2019-07-16 06:20:39
377,2.59,1.2,1.45,0.48,872.9,47.3,47.0,0.1,6aac588381f8f966931143b235d5a9ac12251f98,2019-07-16 06:20:39,2019-07-16 06:20:39
378,1.89,1.2,1.38,0.6,870.7,26.4,49.0,0.1,f908779b810233a66a13b9476c9c4be57e4939f8,2019-07-16 06:20:39,2019-07-16 06:20:39
379,2.15,1.2,1.8,0.72,875.1,23.7,40.0,0.1,71c2f8134963d284ec557c0f79664e2628e76753,2019-07-16 06:20:39,2019-07-16 06:20:39
380,2.45,1.2,1.6,0.43,869.0,36.0,51.0,0.1,d7a6c85f2158526a08c03210dcb07af6d6181dc1,2019-07-16 06:20:39,2019-07-16 06:20:39
381,2.24,1.2,1.53,0.54,876.7,27.0,43.0,0.1,6ad7ad67ae822393550fd5112b17be324b517233,2019-07-16 06:20:39,2019-07-16 06:20:39
382,1.93,1.2,1.94,0.32,867.5,23.6,41.0,0.1,38cc5cf100e8da2cc7a8e79ecd320b5ed17d268c,2019-07-16 06:20:39,2019-07-16 06:20:39
383,2.08,1.2,1.6,0.72,869.3,25.5,46.0,0.1,f333c57345b394c8d0b039ce6da1a7ec6bb61082,2019-07-16 06:20:39,2019-07-16 06:20:39
384,2.01,1.2,1.45,0.91,864.2,35.2,56.0,0.1,3074f99c8a88bee03ba6be024f3a43f73cbae38d,2019-07-16 06:20:39,2019-07-16 06:20:39
