ID_Error_V1_Out,ERR_RDG_M_TMatrix_ABS_CRS,ERR_RDG_M_TMatrix_SCA_CRS,ERR_RDG_M_TMatrix_ABS_CRS_Percent,ERR_RDG_M_TMatrix_SCA_CRS_Percent,created_at,updated_at,MLink
1,-0.0017344176241388203,-0.00012766931814469157,-16.41242803083556,-15.658977195348099,2019-07-16 06:07:57,2019-07-16 06:07:57,1
2,-0.001386233631094712,-7.252289141214447e-05,-7.8789239767218495,-5.012157083875031,2019-07-16 06:07:57,2019-07-16 06:07:57,2
3,-5.345004683958477e-05,-7.160947324606683e-06,-8.558964107660742,-54.774357029147176,2019-07-16 06:07:57,2019-07-16 06:07:57,3
4,-0.00033500381901869044,-1.6353706428216997e-05,-13.335308866759332,-17.992430247703588,2019-07-16 06:07:57,2019-07-16 06:07:57,4
5,-0.000841662477125109,-2.258163362657095e-05,-12.834019353813785,-10.004208583685331,2019-07-16 06:07:57,2019-07-16 06:07:57,5
6,-0.002477211385281583,-6.548921574070827e-05,-17.688688423375794,-4.090573467178679,2019-07-16 06:07:57,2019-07-16 06:07:57,6
7,-0.001271776540564073,-5.472768530082427e-05,-14.253256299997862,-9.881041082771235,2019-07-16 06:07:57,2019-07-16 06:07:57,7
8,-0.000212479171162252,-1.7536962577418827e-05,-14.437001519505458,-48.31249876734273,2019-07-16 06:07:57,2019-07-16 06:07:57,8
9,-0.00038115090705924057,-1.8377472725253728e-05,-13.427687277837576,-17.195429488026814,2019-07-16 06:07:57,2019-07-16 06:07:57,9
10,-0.0002477179830667882,-1.995050227411378e-05,-12.430511238685417,-38.06224369776586,2019-07-16 06:07:57,2019-07-16 06:07:57,10
11,-0.0023470818348089654,-0.0002653657962621374,-18.248071887662302,-11.067476226642553,2019-07-16 06:07:57,2019-07-16 06:07:57,11
12,-9.819097780913669e-05,-1.0020682930486251e-05,-7.534721908647167,-43.689173622917394,2019-07-16 06:07:57,2019-07-16 06:07:57,12
13,-0.0002977012086673206,-0.00011655422649203243,-11.445391908533917,-30.81863687972965,2019-07-16 06:07:57,2019-07-16 06:07:57,13
14,-0.00035665254081261957,-3.697113093217718e-05,-9.176311921021655,-30.30835129176386,2019-07-16 06:07:57,2019-07-16 06:07:57,14
15,-0.005751854502686005,-0.00023688629883098224,-18.317523027108148,-5.939762381555121,2019-07-16 06:07:57,2019-07-16 06:07:57,15
16,-9.427377762199177e-05,-1.0414904038548326e-05,-11.518101279550779,-39.13004186390155,2019-07-16 06:07:57,2019-07-16 06:07:57,16
17,-0.00040917426574100797,-4.2643229737954156e-05,-5.11522528611794,-14.851642026749298,2019-07-16 06:07:57,2019-07-16 06:07:57,17
18,-0.0008502150577527734,-4.078863488322584e-05,-18.917513032461446,-16.65110651145072,2019-07-16 06:07:57,2019-07-16 06:07:57,18
19,-7.640745373331718e-05,-4.592477747320299e-06,-7.713217440508282,-36.70627148918518,2019-07-16 06:07:57,2019-07-16 06:07:57,19
20,-0.0005190677207286928,-8.338748400869501e-06,-7.648364719258271,-4.206304963780106,2019-07-16 06:07:57,2019-07-16 06:07:57,20
21,-0.0009877796220751124,-5.969280791524487e-05,-14.711985134498944,-17.76556409913713,2019-07-16 06:07:57,2019-07-16 06:07:57,21
22,-0.0006924191371928346,-3.138517252621142e-05,-8.20480609172614,-9.565922263772281,2019-07-16 06:07:57,2019-07-16 06:07:57,22
23,-0.0003739069859779848,-3.377630181030096e-05,-4.243400207266822,-11.205575428159065,2019-07-16 06:07:57,2019-07-16 06:07:57,23
24,-0.00023857561143616059,-1.626195991379036e-05,-8.247274179652054,-28.939510760764257,2019-07-16 06:07:57,2019-07-16 06:07:57,24
25,-0.00011699301088235641,-1.005726316404688e-05,-9.98590976791002,-38.715372565806845,2019-07-16 06:07:57,2019-07-16 06:07:57,25
26,-0.0008917214667077897,-3.684570062444598e-05,-14.702310756838013,-9.906366089460144,2019-07-16 06:07:57,2019-07-16 06:07:57,26
27,-0.00021851821060161553,-2.2818691401264892e-05,-11.652794738122076,-59.848197429782466,2019-07-16 06:07:57,2019-07-16 06:07:57,27
28,-0.000118420136164768,-9.44134942224966e-06,-7.66864668102482,-34.99099863723321,2019-07-16 06:07:57,2019-07-16 06:07:57,28
29,-0.00015320436373809012,-6.061639242009426e-06,-9.594560956767227,-24.373858268035182,2019-07-16 06:07:57,2019-07-16 06:07:57,29
30,-0.0006271951889915109,-5.746409739491733e-05,-9.92518184943271,-21.997544400116286,2019-07-16 06:07:57,2019-07-16 06:07:57,30
31,-0.0005281353583764713,-1.6987063010948986e-05,-16.595171451750772,-14.716138689121497,2019-07-16 06:07:57,2019-07-16 06:07:57,31
32,-0.0011333936032699408,-5.117998170208998e-05,-14.29209742421156,-12.281707700635632,2019-07-16 06:07:57,2019-07-16 06:07:57,32
33,-0.001602599651055392,-0.00013555209993831928,-14.788435421542815,-16.791741757968023,2019-07-16 06:07:57,2019-07-16 06:07:57,33
34,-0.0008304940224605829,-7.63257780034265e-05,-6.869761225143494,-12.15776415047045,2019-07-16 06:07:57,2019-07-16 06:07:57,34
35,-0.0001740883358891204,-1.232347393259467e-05,-8.89395234271369,-40.01546994161566,2019-07-16 06:07:57,2019-07-16 06:07:57,35
36,-0.0001102321003578949,-1.1361110736207234e-05,-9.387034320304565,-40.88388711781359,2019-07-16 06:07:57,2019-07-16 06:07:57,36
37,-0.0004998342498670015,-3.7446238592854885e-05,-11.371339193025806,-23.093952330795567,2019-07-16 06:07:57,2019-07-16 06:07:57,37
38,-0.00016292632357754354,-1.3489812376259413e-05,-10.662245820109996,-21.86482831836048,2019-07-16 06:07:57,2019-07-16 06:07:57,38
39,-0.00018959885692642318,-1.2223848466787515e-05,-8.409790098915742,-24.37740847905208,2019-07-16 06:07:57,2019-07-16 06:07:57,39
40,-0.000706296371952788,-0.00010396190470779145,-11.07830871592577,-29.407924930910564,2019-07-16 06:07:57,2019-07-16 06:07:57,40
41,-0.0001756408929286555,-1.2951101332938443e-05,-9.134453228901124,-38.199563610295904,2019-07-16 06:07:57,2019-07-16 06:07:57,41
42,-0.00025479218655419386,-8.545876634538542e-06,-8.170315321427987,-13.094807882574525,2019-07-16 06:07:57,2019-07-16 06:07:57,42
43,-0.0002819314335650899,-2.938120307581e-05,-14.582559919688682,-45.634999670553164,2019-07-16 06:07:57,2019-07-16 06:07:57,43
44,-0.0005367939137057905,-6.892635202707661e-05,-9.529275816981109,-21.94987997615009,2019-07-16 06:07:57,2019-07-16 06:07:57,44
45,-0.00010178826067062131,-6.080732878712819e-06,-8.112762706051798,-37.18412821415045,2019-07-16 06:07:57,2019-07-16 06:07:57,45
46,-0.0011312459820600163,-5.8368606193069795e-05,-12.881304913730117,-16.54922055942014,2019-07-16 06:07:57,2019-07-16 06:07:57,46
47,-8.352157999435005e-05,-7.758252790149391e-06,-9.801924238014399,-49.964275353855946,2019-07-16 06:07:57,2019-07-16 06:07:57,47
48,-0.00011850667696195074,-1.7694850717075107e-05,-7.896862534081598,-14.205556507135551,2019-07-16 06:07:57,2019-07-16 06:07:57,48
49,-0.0003107590569222168,3.210015709904217e-07,-6.47578144715442,0.3588239434342222,2019-07-16 06:07:57,2019-07-16 06:07:57,49
50,-7.889018032303234e-05,-6.393918772009149e-06,-6.262589108323005,-16.43981974274365,2019-07-16 06:07:57,2019-07-16 06:07:57,50
51,-0.00024203289453234229,-8.256055031803908e-06,-9.607922775265033,-12.039952678206149,2019-07-16 06:07:57,2019-07-16 06:07:57,51
52,-0.00017113714998230007,-1.3381887321215723e-05,-8.087526539333417,-26.436161709092598,2019-07-16 06:07:57,2019-07-16 06:07:57,52
53,-5.26099274086292e-05,-1.7252610294782738e-06,-6.737722062836973,-31.926036960405277,2019-07-16 06:07:57,2019-07-16 06:07:57,53
54,-9.399656212036652e-05,-1.0515257295862203e-05,-6.18796602021369,-42.813356645333904,2019-07-16 06:07:57,2019-07-16 06:07:57,54
55,-0.00016766861232453095,-1.159748324364593e-05,-14.755806313179487,-44.1070569717253,2019-07-16 06:07:57,2019-07-16 06:07:57,55
56,-0.00011657644081153132,-1.5897409636363635e-05,-10.077842941372298,-45.319906569694645,2019-07-16 06:10:04,2019-07-16 06:10:04,56
57,-0.00026540641483350217,-1.6053447761369103e-05,-15.271327780180737,-27.971161920049468,2019-07-16 06:10:04,2019-07-16 06:10:04,57
58,-5.1585342604576506e-05,-8.16175464845192e-06,-0.845220403079103,-7.179280851888629,2019-07-16 06:10:04,2019-07-16 06:10:04,58
59,-0.0003363428699486344,-1.82809855241961e-05,-11.850338210080508,-19.293515551030882,2019-07-16 06:10:04,2019-07-16 06:10:04,59
60,-9.411024180804416e-05,-6.492003485776854e-06,-5.577198026751212,-25.650036160843804,2019-07-16 06:10:04,2019-07-16 06:10:04,60
61,-4.7439904867798025e-05,-2.6377243174893807e-06,-10.632799723331509,-50.77722855312864,2019-07-16 06:10:04,2019-07-16 06:10:04,61
62,-0.002400194789402742,-9.662827010706249e-05,-17.001043853081118,-7.898303753174552,2019-07-16 06:10:04,2019-07-16 06:10:04,62
63,-0.0004581226080146732,-1.1364291171574277e-05,-10.43894563479733,-8.29065533455594,2019-07-16 06:10:04,2019-07-16 06:10:04,63
64,-0.0005259638242355793,-1.7408215918790554e-05,-9.180663562580508,-10.992079811120107,2019-07-16 06:10:04,2019-07-16 06:10:04,64
65,-0.0003966725289667613,-3.721817510220441e-06,-9.571192167877124,-4.008622098296062,2019-07-16 06:10:04,2019-07-16 06:10:04,65
66,-0.0005280420662094784,-2.4410426038864576e-05,-12.950479009525822,-18.398179701672284,2019-07-16 06:10:04,2019-07-16 06:10:04,66
67,-0.0001442847430765016,-4.539250164111764e-06,-11.589435209393875,-14.025625958076287,2019-07-16 06:10:04,2019-07-16 06:10:04,67
68,-0.0007105975111373888,-2.2926613282322902e-05,-15.124223152472627,-12.97812594737655,2019-07-16 06:10:04,2019-07-16 06:10:04,68
69,-0.0005472295448997437,6.338699812494259e-06,-7.409350769273092,2.5395057181341985,2019-07-16 06:10:04,2019-07-16 06:10:04,69
70,-3.632606608052968e-05,-5.26692467029571e-06,-1.6544510496749762,-20.466517654750565,2019-07-16 06:10:04,2019-07-16 06:10:04,70
71,-0.0037205978093654357,0.0002035591912854381,-13.517326810811513,8.083091855098065,2019-07-16 06:10:04,2019-07-16 06:10:04,71
72,-4.069331649822947e-05,-5.7003238701841745e-06,-7.154513554332801,-48.412646117165174,2019-07-16 06:10:04,2019-07-16 06:10:04,72
73,-0.00029885435848380366,-4.0314107904312774e-06,-6.612263235861519,-4.76342756554989,2019-07-16 06:10:04,2019-07-16 06:10:04,73
74,-0.00018405843713226001,-1.3635011820071923e-05,-5.601577751581837,-21.441878856516166,2019-07-16 06:10:04,2019-07-16 06:10:04,74
75,-0.00036037397783836176,-8.976983223780869e-06,-10.241816833013086,-9.873308738468602,2019-07-16 06:10:04,2019-07-16 06:10:04,75
76,-0.0005696443649502024,-2.884852428449867e-05,-17.577582411463275,-21.393968602982007,2019-07-16 06:10:04,2019-07-16 06:10:04,76
77,-0.0004235036550461668,-1.1471462599644025e-05,-13.849733034378536,-10.966240154906158,2019-07-16 06:10:04,2019-07-16 06:10:04,77
78,-0.0006508942631105387,-3.8525956289996024e-05,-11.91816883168583,-22.281153860375472,2019-07-16 06:10:04,2019-07-16 06:10:04,78
79,-0.00013850813273742107,-6.893932820376348e-06,-10.292729472192617,-42.07029388563622,2019-07-16 06:10:04,2019-07-16 06:10:04,79
80,-0.0036948221907240454,-2.924651416165884e-05,-17.93100496340369,-1.5494548630512366,2019-07-16 06:10:04,2019-07-16 06:10:04,80
81,-5.509449625224471e-05,-3.912603974884156e-06,-5.939094235622404,-43.4703305833286,2019-07-16 06:10:04,2019-07-16 06:10:04,81
82,-0.0012437324417580386,-0.00011103470471714749,-14.897223179919562,-19.32633130607259,2019-07-16 06:10:04,2019-07-16 06:10:04,82
83,-0.0012978246083745087,-4.217998289649294e-05,-12.921734242026806,-6.800743452095515,2019-07-16 06:10:04,2019-07-16 06:10:04,83
84,-0.00028729853907686796,-1.083744351994727e-05,-11.638194826185671,-17.526386700185927,2019-07-16 06:10:04,2019-07-16 06:10:04,84
85,-0.0001389195271672879,-1.6005489388719453e-05,-5.98993954605257,-36.37525326463275,2019-07-16 06:10:04,2019-07-16 06:10:04,85
86,-0.0005885762811871003,-2.1580109070664443e-05,-12.701629572401641,-12.852463578848015,2019-07-16 06:10:04,2019-07-16 06:10:04,86
87,-0.00034163415989988224,1.1089027738290838e-05,-2.4276558250474025,1.7646963208023019,2019-07-16 06:10:04,2019-07-16 06:10:04,87
88,-0.00011374835050819613,-5.464121808049373e-06,-9.802893722662448,-34.37231432035629,2019-07-16 06:10:04,2019-07-16 06:10:04,88
89,-0.00012593621288623687,-1.2096949060324999e-05,-14.898768069186985,-48.26001316798674,2019-07-16 06:10:04,2019-07-16 06:10:04,89
90,-6.022373998526506e-05,-3.450803903253542e-06,-5.932303450205691,-44.64152152469485,2019-07-16 06:10:04,2019-07-16 06:10:04,90
91,-2.93419995609235e-05,-3.245760279221265e-06,-5.063762327041402,-40.050445477868934,2019-07-16 06:10:04,2019-07-16 06:10:04,91
92,-0.0001683647594617991,-1.1692409098247128e-05,-8.192360790359656,-25.30355676925959,2019-07-16 06:10:04,2019-07-16 06:10:04,92
93,-0.0013319090097824806,-4.295541121144568e-05,-15.34742085037882,-6.8040613981376605,2019-07-16 06:10:04,2019-07-16 06:10:04,93
94,-0.0005804300303927441,-2.1769148228160463e-05,-15.887126419301392,-16.351156989123073,2019-07-16 06:10:04,2019-07-16 06:10:04,94
95,-0.00017040683893396533,-8.450697158672575e-06,-11.462131406496301,-26.787550420461855,2019-07-16 06:10:04,2019-07-16 06:10:04,95
96,-0.0023920900161937086,-7.684242770884665e-05,-21.272509056986486,-8.988759098026458,2019-07-16 06:10:04,2019-07-16 06:10:04,96
97,-0.00015534611462000408,-7.066142696813556e-06,-6.3364007273408625,-12.913627923831292,2019-07-16 06:10:04,2019-07-16 06:10:04,97
98,-0.00013756532826374355,-6.171426631576477e-06,-11.876179352990626,-36.86640972320076,2019-07-16 06:10:04,2019-07-16 06:10:04,98
99,-0.0002454260921714294,-4.987139038275685e-06,-8.378402290614734,-5.855102666761643,2019-07-16 06:10:04,2019-07-16 06:10:04,99
100,-0.000127872163586547,-6.754770248049247e-06,-10.749313529546743,-31.572421311528377,2019-07-16 06:10:04,2019-07-16 06:10:04,100
101,-0.00013442983708293374,-1.1250536154313357e-05,-9.848217387494321,-39.96866935872167,2019-07-16 06:10:04,2019-07-16 06:10:04,101
102,-0.0003201126283161654,-3.261735746909052e-05,-4.254996725180381,-12.938658993322354,2019-07-16 06:10:04,2019-07-16 06:10:04,102
103,-9.547247282144339e-05,-6.1009869142616615e-06,-7.2311451635548245,-39.29608979279341,2019-07-16 06:10:04,2019-07-16 06:10:04,103
104,-8.619720388494232e-05,-1.1030372661661856e-05,-9.107781530260775,-37.53702387441254,2019-07-16 06:10:04,2019-07-16 06:10:04,104
105,0.00011262502845045376,-1.9673537399620037e-07,4.583871038150059,-1.1806619861691585,2019-07-16 06:10:04,2019-07-16 06:10:04,105
106,-0.0003245221726071892,-1.1865600668015438e-05,-11.476711901026501,-18.435253861958174,2019-07-16 06:10:04,2019-07-16 06:10:04,106
107,-0.0003994196341470257,-2.0935988744133634e-05,-7.067169769663113,-7.621971772335155,2019-07-16 06:10:04,2019-07-16 06:10:04,107
108,-0.00043746335260986727,-1.221305120159152e-05,-12.842859564913123,-12.480885500700728,2019-07-16 06:10:04,2019-07-16 06:10:04,108
109,-0.00039325645569097815,-1.4929758657116382e-05,-6.130027967001803,-9.141322933790892,2019-07-16 06:10:04,2019-07-16 06:10:04,109
110,-0.00030908931922892966,-4.5064065355856985e-05,-4.972748109574224,-15.581502215526374,2019-07-16 06:10:04,2019-07-16 06:10:04,110
111,-0.0006781429595171393,-3.741387803788707e-05,-9.424243891662423,-10.637873163700009,2019-07-16 06:10:04,2019-07-16 06:10:04,111
112,-0.0001722957637585377,-1.1431921052471503e-05,-11.589745819983534,-42.35845389801905,2019-07-16 06:10:04,2019-07-16 06:10:04,112
113,-0.0006890226229955088,-3.734329720021366e-05,-9.341598025860819,-11.884167277096369,2019-07-16 06:10:04,2019-07-16 06:10:04,113
114,-0.0008668948124661511,-5.009674589502316e-05,-9.78233061085783,-14.260511031172335,2019-07-16 06:10:04,2019-07-16 06:10:04,114
115,-0.00029108549307755736,-1.2912241719280841e-05,-13.204024922237403,-24.550079206258154,2019-07-16 06:10:04,2019-07-16 06:10:04,115
116,-0.0004429371184757356,-4.785882838971115e-05,-9.203291703813534,-19.454496253363992,2019-07-16 06:10:04,2019-07-16 06:10:04,116
117,-0.001416518600539734,-5.521671486173124e-05,-13.484177341201304,-8.43482126331364,2019-07-16 06:10:04,2019-07-16 06:10:04,117
118,-0.0019635838225504215,-0.00017400244790920558,-13.116887350092846,-13.137062285135842,2019-07-16 06:10:04,2019-07-16 06:10:04,118
119,-0.0012606422000244306,-0.00015150959653559957,-18.876855944573293,-15.094443100120335,2019-07-16 06:10:04,2019-07-16 06:10:04,119
120,-0.0004920135074595905,-2.9939955854020473e-05,-12.82669269362147,-17.093336939221135,2019-07-16 06:10:04,2019-07-16 06:10:04,120
121,-0.00039530188187959797,-1.0133772842580659e-05,-10.541988756252502,-11.023804045692046,2019-07-16 06:10:04,2019-07-16 06:10:04,121
122,-0.004724080274368044,-0.00028583594380228824,-15.732489647844053,-7.624817139614297,2019-07-16 06:10:04,2019-07-16 06:10:04,122
123,-0.00012295911123750067,-1.3323371713322977e-05,-7.288247760237576,-39.53584169823094,2019-07-16 06:10:04,2019-07-16 06:10:04,123
124,-5.891850835959344e-05,-3.6282228389485815e-06,-11.763446680784556,-51.33161256582733,2019-07-16 06:10:04,2019-07-16 06:10:04,124
125,-0.0010719991780511352,-0.00010755345096862478,-10.789034840959275,-22.893216182391154,2019-07-16 06:10:04,2019-07-16 06:10:04,125
126,-0.000929059599169668,-4.117622416585074e-05,-6.282501037506846,-5.268015786708198,2019-07-16 06:10:04,2019-07-16 06:10:04,126
127,-0.00042555795342324104,-3.112460494480051e-05,-8.594095729516374,-22.433695662978582,2019-07-16 06:10:04,2019-07-16 06:10:04,127
128,-0.00017023495520248133,-1.1683552829554996e-06,-4.759411827680726,-2.0380418377453036,2019-07-16 06:10:04,2019-07-16 06:10:04,128
129,-0.0005847033181117403,-4.699289808185545e-06,-11.829092268540625,-2.5554137842616775,2019-07-16 06:12:28,2019-07-16 06:12:28,129
130,-0.00016871408174483593,-1.2491397608338003e-05,-11.251467519413898,-48.44309402517329,2019-07-16 06:12:28,2019-07-16 06:12:28,130
131,-0.00019637072891099733,-2.052891780833871e-05,-8.991582276432364,-38.90043017844542,2019-07-16 06:12:28,2019-07-16 06:12:28,131
132,-0.0011198948150806412,-8.916967466476335e-05,-11.691665423373445,-13.215725276387559,2019-07-16 06:12:28,2019-07-16 06:12:28,132
133,-0.00016631563780866252,-4.168950665756687e-06,-3.5042158312757796,-5.042420948051473,2019-07-16 06:12:28,2019-07-16 06:12:28,133
134,-0.0010141205535596028,5.299480452172934e-06,-9.26335533386922,1.1063165637770267,2019-07-16 06:12:28,2019-07-16 06:12:28,134
135,-0.00015523238810246173,-1.4489285397166667e-05,-11.97411345939531,-45.094148554986354,2019-07-16 06:12:28,2019-07-16 06:12:28,135
136,-2.2183074221082836e-05,-1.3958852790997948e-06,-3.2663090601820763,-27.920585925988366,2019-07-16 06:12:28,2019-07-16 06:12:28,136
137,-0.0008169704648864763,-2.711583503258444e-05,-7.777250192615939,-4.899744618601138,2019-07-16 06:12:28,2019-07-16 06:12:28,137
138,-0.0020969158078376813,-0.000143568901125435,-18.606699907153743,-15.469974096784302,2019-07-16 06:12:28,2019-07-16 06:12:28,138
139,-0.0006267417211588177,-5.433968069307184e-05,-10.62508617050687,-25.832232615349294,2019-07-16 06:12:28,2019-07-16 06:12:28,139
140,-0.00042740562533606267,-2.5485618829888174e-06,-8.571887036509779,-1.9745654661390404,2019-07-16 06:12:28,2019-07-16 06:12:28,140
141,-0.00020003894525073002,-1.619116750215133e-05,-13.646360788181363,-44.969069500000685,2019-07-16 06:12:28,2019-07-16 06:12:28,141
142,-0.00012688114578780925,-8.964701189585076e-06,-8.289291623473183,-40.34946464661466,2019-07-16 06:12:28,2019-07-16 06:12:28,142
143,-0.0006765270650106268,-5.3269242870180524e-05,-10.466640023891015,-20.7283649369837,2019-07-16 06:12:28,2019-07-16 06:12:28,143
144,-0.00037850430080263345,-4.49669364779399e-05,-7.273144560133079,-16.237114683219197,2019-07-16 06:12:28,2019-07-16 06:12:28,144
145,-0.0005822670094881231,-2.1116451791032424e-05,-14.251257426005939,-12.309720319374414,2019-07-16 06:12:28,2019-07-16 06:12:28,145
146,-0.002197278779774377,-0.0002266314951646771,-18.297538953205443,-17.306396626843593,2019-07-16 06:12:28,2019-07-16 06:12:28,146
147,-0.00016722236355877387,-9.008399085662855e-06,-11.661827856637718,-39.03563822228122,2019-07-16 06:12:28,2019-07-16 06:12:28,147
148,-0.00031189500045949753,-1.982532299347107e-05,-14.51144769424786,-32.91325865859545,2019-07-16 06:12:28,2019-07-16 06:12:28,148
149,-9.192559363561065e-05,-4.874212974870368e-06,-8.41576750831141,-36.31959343433354,2019-07-16 06:12:28,2019-07-16 06:12:28,149
150,-0.0007916189074371095,-1.1100202047924204e-05,-11.094573567536598,-4.247252108345746,2019-07-16 06:12:28,2019-07-16 06:12:28,150
151,-0.00042532139616122827,-8.69977987115471e-06,-12.48690511215616,-7.994992509422022,2019-07-16 06:12:28,2019-07-16 06:12:28,151
152,-0.00013330187976946537,4.421505397045219e-06,-1.8586440456383988,2.7394188269646715,2019-07-16 06:12:28,2019-07-16 06:12:28,152
153,-0.00037286287715245756,-2.4830686969306613e-05,-8.007166661484895,-14.101486339274414,2019-07-16 06:12:28,2019-07-16 06:12:28,153
154,-0.0002020762017227086,-1.8874658791586326e-05,-3.899145748430724,-13.784305164458003,2019-07-16 06:12:28,2019-07-16 06:12:28,154
155,-0.0004096724616087361,-1.0388875072682638e-05,-7.399049337812415,-7.399678490017585,2019-07-16 06:12:28,2019-07-16 06:12:28,155
156,-0.0004147028050962304,-1.8784077591789898e-05,-15.321940445919326,-16.535578467451888,2019-07-16 06:12:28,2019-07-16 06:12:28,156
157,-0.0011284327371772337,-0.00010744271611968894,-18.18032227999487,-20.214479947462376,2019-07-16 06:12:28,2019-07-16 06:12:28,157
158,-0.0002944795599094081,-7.849811698866128e-06,-12.391013995019714,-12.188698333093317,2019-07-16 06:12:28,2019-07-16 06:12:28,158
159,-0.00017911071068365362,-6.50850797414409e-06,-7.147908016253282,-16.530612695193554,2019-07-16 06:12:28,2019-07-16 06:12:28,159
160,-0.0005650464187893178,-4.9636363701954815e-05,-9.970303415299249,-22.13290839343584,2019-07-16 06:12:28,2019-07-16 06:12:28,160
161,-0.001490804676442855,-0.00011227055775539837,-18.51405690050593,-12.021325007017186,2019-07-16 06:12:28,2019-07-16 06:12:28,161
162,-0.0011960153595608908,-1.3344877044449962e-05,-9.169679684800215,-1.603366560853879,2019-07-16 06:12:28,2019-07-16 06:12:28,162
163,-0.00029845730497349065,-1.6160371367363562e-05,-9.51484318398145,-22.394119491473447,2019-07-16 06:12:28,2019-07-16 06:12:28,163
164,-0.0006346130802750745,-3.094063000438927e-05,-15.209044352089595,-20.052364211306955,2019-07-16 06:12:28,2019-07-16 06:12:28,164
165,-0.0008858111344107523,-1.5727040900906526e-05,-15.54996660256104,-6.801285603112171,2019-07-16 06:12:28,2019-07-16 06:12:28,165
166,-0.0005174238982806866,-3.308505060883632e-05,-12.78597155304711,-25.80320330054556,2019-07-16 06:12:28,2019-07-16 06:12:28,166
167,-0.0003101798310292234,-1.598549319942115e-05,-8.25381935210405,-17.226222550176143,2019-07-16 06:12:28,2019-07-16 06:12:28,167
168,-0.00013722315910707076,-3.483984003016495e-06,-3.187133881994944,-5.240604339694508,2019-07-16 06:12:28,2019-07-16 06:12:28,168
169,-8.649835583871225e-05,-7.932377408082184e-06,-11.557196675088749,-47.98368318058908,2019-07-16 06:12:28,2019-07-16 06:12:28,169
170,-0.0006363357451844107,-3.800732962091208e-05,-10.388137380103489,-10.286690324294105,2019-07-16 06:12:28,2019-07-16 06:12:28,170
171,-0.0003508889601815863,-2.9949638048329568e-05,-11.844595508825385,-24.71066805202786,2019-07-16 06:12:28,2019-07-16 06:12:28,171
172,-0.0003225281969788065,-1.7294192772294032e-05,-12.378044332685219,-25.11411449533756,2019-07-16 06:12:28,2019-07-16 06:12:28,172
173,-0.0007157861208049682,-5.792413178979447e-05,-12.054276940170777,-26.63080968834476,2019-07-16 06:12:28,2019-07-16 06:12:28,173
174,-0.001817319209767933,-7.100812404777e-05,-16.130518282778564,-11.509356486569457,2019-07-16 06:12:28,2019-07-16 06:12:28,174
175,-5.594647227055837e-06,-9.446743235250467e-06,-0.18727344682904906,-20.88594105371342,2019-07-16 06:12:28,2019-07-16 06:12:28,175
176,-0.0003003453455669385,-4.504754401822169e-05,-3.0914546312153823,-15.017379630468353,2019-07-16 06:12:28,2019-07-16 06:12:28,176
177,-0.00042754329586758337,-3.907077887550443e-05,-14.476734809637872,-24.64116138948665,2019-07-16 06:12:28,2019-07-16 06:12:28,177
178,-0.00021967061385349382,-1.5793676608873824e-05,-6.604554831024716,-20.70819088273929,2019-07-16 06:12:28,2019-07-16 06:12:28,178
179,-0.00011779725840405766,-8.454039144167389e-06,-11.652685623844935,-51.23209230451103,2019-07-16 06:12:28,2019-07-16 06:12:28,179
180,-0.0008178517097633083,-4.454949271500201e-05,-13.755038050475575,-21.414978156555772,2019-07-16 06:12:28,2019-07-16 06:12:28,180
181,-0.0015876659776523628,-8.26691274640487e-05,-9.835123303333187,-7.114720430108477,2019-07-16 06:12:28,2019-07-16 06:12:28,181
182,-0.0020819381974511225,-0.00014877262499926461,-11.168846800896313,-9.436716123389001,2019-07-16 06:12:28,2019-07-16 06:12:28,182
183,-0.00030766036561672767,-3.0089345222887745e-06,-8.14520153059109,-2.929850142785822,2019-07-16 06:12:28,2019-07-16 06:12:28,183
184,-0.00014031716008161985,-7.303161521468358e-06,-6.76762739965979,-21.12716761671454,2019-07-16 06:12:28,2019-07-16 06:12:28,184
185,-0.00027679501810096645,-1.754960600859912e-05,-12.953620424335064,-25.694390732738267,2019-07-16 06:12:28,2019-07-16 06:12:28,185
186,-0.0008451648572885029,-7.590469539339197e-05,-14.12135699411904,-22.4890222772476,2019-07-16 06:12:28,2019-07-16 06:12:28,186
187,-9.038877889311372e-05,-6.094445989681254e-06,-7.559930825194217,-39.80647390024193,2019-07-16 06:12:28,2019-07-16 06:12:28,187
188,-0.0002698250379049558,-1.2171777323124317e-05,-9.722017491511663,-20.592799841668686,2019-07-16 06:12:28,2019-07-16 06:12:28,188
189,-4.128130826094466e-05,-3.443220394236851e-06,-5.129709908606992,-42.115155868894384,2019-07-16 06:12:28,2019-07-16 06:12:28,189
190,-0.0008374181602018837,-2.536548084373864e-05,-15.537032493394301,-12.473380166987514,2019-07-16 06:12:28,2019-07-16 06:12:28,190
191,-0.0004309515961705565,-2.9632813800593455e-05,-9.337560046707436,-20.603784094915092,2019-07-16 06:12:28,2019-07-16 06:12:28,191
192,-0.0001401350363039826,-1.1124217773883613e-05,-6.577187802418325,-35.83993449015696,2019-07-16 06:12:28,2019-07-16 06:12:28,192
193,-0.000547437697679178,-4.9869983308046356e-05,-9.907716631429157,-21.121923308382016,2019-07-16 06:12:28,2019-07-16 06:12:28,193
194,-3.502592529320056e-05,-1.992943566523961e-06,-4.810831448755721,-26.610480651653486,2019-07-16 06:12:28,2019-07-16 06:12:28,194
195,-0.00010498931142078018,-6.381104777298912e-06,-13.765515121416149,-43.11388503665962,2019-07-16 06:12:28,2019-07-16 06:12:28,195
196,-0.001074698190088075,-8.5630648648172e-05,-8.218636956010922,-10.491463128309052,2019-07-16 06:12:28,2019-07-16 06:12:28,196
197,-0.0023632961820424926,-6.246907633690448e-05,-17.00034955243211,-6.629799123835748,2019-07-16 06:12:28,2019-07-16 06:12:28,197
198,-0.0010488592467826736,-8.777637359552116e-05,-17.096524972024874,-25.547854396313966,2019-07-16 06:12:28,2019-07-16 06:12:28,198
199,-0.00020774983081225235,-9.014597849489943e-06,-5.800268848001064,-14.568099655585907,2019-07-16 06:12:28,2019-07-16 06:12:28,199
200,-0.0004557383101682358,-4.0766197209964805e-06,-6.852304772384969,-2.1185855303157592,2019-07-16 06:12:28,2019-07-16 06:12:28,200
201,-0.0001754397318542616,-1.848094128892968e-05,-14.079837842882403,-48.38075648415709,2019-07-16 06:12:28,2019-07-16 06:12:28,201
202,-0.00032523995463217274,-2.3155774180457152e-05,-10.022255375268852,-26.76405367420002,2019-07-16 06:12:28,2019-07-16 06:12:28,202
203,-4.1156217173215545e-05,-5.049532175382905e-06,-3.129075501166512,-30.352649098559382,2019-07-16 06:12:28,2019-07-16 06:12:28,203
204,-0.00021847661124583953,-1.872031315344748e-05,-10.98699270098384,-33.48606101015735,2019-07-16 06:12:28,2019-07-16 06:12:28,204
205,-0.0008914264158130566,-2.580133998013007e-05,-15.387105946750642,-8.661907152961671,2019-07-16 06:12:28,2019-07-16 06:12:28,205
206,-0.00026964005228293463,-2.4423484819828082e-05,-9.929558459227913,-37.48099224580368,2019-07-16 06:12:28,2019-07-16 06:12:28,206
207,-0.00015370658913078445,-1.1593796367382924e-05,-7.46809209998196,-31.867712871466477,2019-07-16 06:12:28,2019-07-16 06:12:28,207
208,-0.0008712473667645889,-4.267987048479329e-05,-14.269121151917313,-15.255308115552388,2019-07-16 06:12:28,2019-07-16 06:12:28,208
209,-0.00018980949904902624,-1.1075371524686795e-05,-6.854912173697571,-23.604973644719315,2019-07-16 06:12:28,2019-07-16 06:12:28,209
210,-0.0003244900937390311,-1.6681404734665773e-05,-13.344263256355418,-31.204980928793894,2019-07-16 06:12:28,2019-07-16 06:12:28,210
211,-0.0003390128541914275,-2.4392555659972075e-05,-13.049931288446059,-29.861882298680502,2019-07-16 06:12:28,2019-07-16 06:12:28,211
212,-0.0005897249605417963,-4.6045982902920435e-05,-5.795436674219892,-10.702636078769416,2019-07-16 06:12:28,2019-07-16 06:12:28,212
213,-0.0005274296557914712,-5.2073300649439515e-05,-16.531835807967393,-21.976138767248077,2019-07-16 06:12:28,2019-07-16 06:12:28,213
214,-0.0002525846633447082,-1.4614406369233047e-05,-11.336927593419995,-28.367935988754493,2019-07-16 06:20:39,2019-07-16 06:20:39,214
215,-0.0005737909196198539,3.273427528099867e-05,-5.747789158419602,8.404109776865122,2019-07-16 06:20:39,2019-07-16 06:20:39,215
216,-0.0008212105277463356,3.424248076171396e-06,-6.35554635017524,0.503846221316244,2019-07-16 06:20:39,2019-07-16 06:20:39,216
217,-0.0022459886635021837,-0.00010444905483704723,-9.476532911249997,-5.6468977479538705,2019-07-16 06:20:39,2019-07-16 06:20:39,217
218,-0.0021556837264898395,-5.107905565060858e-05,-15.131456891295434,-4.591647427942275,2019-07-16 06:20:39,2019-07-16 06:20:39,218
219,-0.00016074255952587202,-2.1774247761210452e-05,-3.4123455762574735,-8.991920917699549,2019-07-16 06:20:39,2019-07-16 06:20:39,219
220,-0.00030951351531012923,-1.2879538126956566e-05,-13.05301668336747,-26.798568539541012,2019-07-16 06:20:39,2019-07-16 06:20:39,220
221,-0.0004494886839110949,-1.8767201966010585e-05,-10.6956164924167,-8.247913186141913,2019-07-16 06:20:39,2019-07-16 06:20:39,221
222,-0.00032575859133388094,-1.677514050560152e-05,-11.453571582280512,-27.20464355559219,2019-07-16 06:20:39,2019-07-16 06:20:39,222
223,-9.52313908302099e-05,-1.1307955276621468e-05,-12.845058580656069,-26.352140993482713,2019-07-16 06:20:39,2019-07-16 06:20:39,223
224,-0.0005568098502049958,-2.8144902651985177e-05,-9.630143830260067,-14.61585436129732,2019-07-16 06:20:39,2019-07-16 06:20:39,224
225,-7.346138011002873e-05,-7.207349305784927e-06,-1.3562406403982035,-6.726290419107785,2019-07-16 06:20:39,2019-07-16 06:20:39,225
226,-0.0004790941308328717,-2.0054634752665185e-05,-15.7515578850596,-25.85517413526949,2019-07-16 06:20:39,2019-07-16 06:20:39,226
227,7.856420125214841e-05,-4.832956376024355e-06,1.4413780728528796,-4.823471110816938,2019-07-16 06:20:39,2019-07-16 06:20:39,227
228,-0.0014440365941506442,-4.3161214362812835e-05,-13.398679267772852,-4.14043045474854,2019-07-16 06:20:39,2019-07-16 06:20:39,228
229,-8.961523559348992e-05,-2.5766674543236253e-05,-1.3803370099116459,-16.9415791785305,2019-07-16 06:20:39,2019-07-16 06:20:39,229
230,-0.000436207925137555,-2.1277809200872857e-05,-8.82907212893138,-12.935226528426005,2019-07-16 06:20:39,2019-07-16 06:20:39,230
231,-0.0008214278012878423,-5.656380834409913e-06,-8.987530347427548,-1.3219349562708937,2019-07-16 06:20:39,2019-07-16 06:20:39,231
232,-0.00035647942699891126,-2.759058820951301e-05,-12.536913079470795,-31.761603960673757,2019-07-16 06:20:39,2019-07-16 06:20:39,232
233,-0.0001775926447522278,-1.0037665608723976e-05,-8.54171258740677,-17.068440087173897,2019-07-16 06:20:39,2019-07-16 06:20:39,233
234,-0.0013639963611166452,-7.85467311167549e-05,-6.745441571023064,-4.9561081878720605,2019-07-16 06:20:39,2019-07-16 06:20:39,234
235,-0.0009699933174490215,-2.028453842776077e-05,-13.648717440606026,-5.42107613012091,2019-07-16 06:20:39,2019-07-16 06:20:39,235
236,-0.0008420791277619634,-7.586184997852403e-05,-13.548495899542834,-17.92427540652515,2019-07-16 06:20:39,2019-07-16 06:20:39,236
237,-0.0012327243317906509,-8.201966451690544e-05,-11.963779408370957,-10.598233391116162,2019-07-16 06:20:39,2019-07-16 06:20:39,237
238,-0.00027536103048908295,-3.271422817621052e-05,-11.829844920999372,-38.38271495054323,2019-07-16 06:20:39,2019-07-16 06:20:39,238
239,-0.00022326596900910887,-1.6285957439068424e-05,-14.908474766288021,-39.0024328671145,2019-07-16 06:20:39,2019-07-16 06:20:39,239
240,-0.0012794159188072305,-3.3745657938270776e-05,-11.89807846017218,-4.707766154068107,2019-07-16 06:20:39,2019-07-16 06:20:39,240
241,-0.00035108716982807574,-1.4112072422206388e-05,-12.239443491230006,-13.840922891891971,2019-07-16 06:20:39,2019-07-16 06:20:39,241
242,-0.0002450693544614112,-8.622244173271781e-06,-5.40776507531614,-5.784083034974657,2019-07-16 06:20:39,2019-07-16 06:20:39,242
243,-0.0002702216576504486,-4.075455288690205e-06,-10.647218397362332,-6.875080875232342,2019-07-16 06:20:39,2019-07-16 06:20:39,243
244,-0.002257923578086487,-3.764912077457711e-05,-17.534710477468142,-3.396038674894926,2019-07-16 06:20:39,2019-07-16 06:20:39,244
245,-0.001239380565688714,0.00021192585713421881,-3.0983957668035447,7.555523342474392,2019-07-16 06:20:39,2019-07-16 06:20:39,245
246,-8.545440849100258e-05,-3.814604498205443e-06,-8.163784098933519,-6.763302733193568,2019-07-16 06:20:39,2019-07-16 06:20:39,246
247,-0.0003833975023882277,-2.649121158743051e-05,-12.441955873893985,-16.179709649630695,2019-07-16 06:20:39,2019-07-16 06:20:39,247
248,-0.0029648652004459625,-0.00011651705327660398,-14.898515610077203,-5.807430544440468,2019-07-16 06:20:39,2019-07-16 06:20:39,248
249,-0.00043977819228559233,-8.014335250636933e-05,-16.893385209652607,-23.323340967037897,2019-07-16 06:20:39,2019-07-16 06:20:39,249
250,-0.0031632629029077703,-9.126630782754936e-05,-18.854682303406396,-6.6386927834661,2019-07-16 06:20:39,2019-07-16 06:20:39,250
251,-0.003746261972209659,-0.0001372921266344147,-17.088242248527802,-5.2532926171441,2019-07-16 06:20:39,2019-07-16 06:20:39,251
252,0.00024999544338066024,2.9603508355535558e-05,1.6418052949477246,5.6899152578613315,2019-07-16 06:20:39,2019-07-16 06:20:39,252
253,-9.377214198232607e-05,-7.4376602002564075e-06,-4.115532765571256,-23.75227825931268,2019-07-16 06:20:39,2019-07-16 06:20:39,253
254,-0.00010275168992496802,-3.5760485359619424e-06,-4.119070470425038,-8.154586230231482,2019-07-16 06:20:39,2019-07-16 06:20:39,254
255,-0.0001845111297982166,-1.01200002534634e-05,-4.714711296654135,-13.049196189412097,2019-07-16 06:20:39,2019-07-16 06:20:39,255
256,-0.0007742025764377981,-3.575987855973061e-05,-10.591641042898946,-10.085914247422322,2019-07-16 06:20:39,2019-07-16 06:20:39,256
257,-0.0071664499589801115,0.0004117339413801247,-15.446404890428731,5.303512378946134,2019-07-16 06:20:39,2019-07-16 06:20:39,257
258,-0.0007705895549192266,-3.435479847387545e-05,-10.728564749197316,-11.629423692651319,2019-07-16 06:20:39,2019-07-16 06:20:39,258
259,-0.001107445100420972,-9.656296478885744e-05,-17.226262488791384,-23.304386174075702,2019-07-16 06:20:39,2019-07-16 06:20:39,259
260,-0.0017226112207084792,9.739388905822876e-05,-7.39605792324737,6.597049385950283,2019-07-16 06:20:39,2019-07-16 06:20:39,260
261,-0.0006179793092979769,-6.18398396800243e-05,-11.18605748698289,-23.5964369273336,2019-07-16 06:20:39,2019-07-16 06:20:39,261
262,-0.00023716304682481584,-1.4646755271984467e-05,-8.937623272335651,-20.19756667726706,2019-07-16 06:20:39,2019-07-16 06:20:39,262
263,-0.00035677200346811327,-8.778175938027816e-05,-14.088150969833398,-33.562239084135705,2019-07-16 06:20:39,2019-07-16 06:20:39,263
264,-0.0013610884476064982,-7.145685700609424e-05,-12.779133887622175,-10.557736497516109,2019-07-16 06:20:39,2019-07-16 06:20:39,264
265,7.896001773482896e-06,-5.534329442085798e-06,0.4439004010228566,-28.249792190064927,2019-07-16 06:20:39,2019-07-16 06:20:39,265
266,-0.0026972357376277914,-2.9935546619475114e-05,-17.3107551534118,-2.471369279411686,2019-07-16 06:20:39,2019-07-16 06:20:39,266
267,-0.0033045792001443136,-8.466552261929198e-05,-20.539413020299026,-5.922610227257336,2019-07-16 06:20:39,2019-07-16 06:20:39,267
268,-0.0009850059387930634,4.482350400757476e-05,-5.122059818452807,4.78166611812914,2019-07-16 06:20:39,2019-07-16 06:20:39,268
269,-0.0009344386240765516,-5.997932270843572e-05,-10.717379004399254,-12.919984093044096,2019-07-16 06:20:39,2019-07-16 06:20:39,269
270,-0.005094892293657663,-0.0008247183280089178,-22.578042489800474,-13.614194784306521,2019-07-16 06:20:39,2019-07-16 06:20:39,270
271,-0.001330379450250136,-5.58890745743978e-05,-13.171533720257365,-8.388696384620372,2019-07-16 06:20:39,2019-07-16 06:20:39,271
272,-6.803652479732267e-05,-7.841555858045316e-06,-3.1985800400312114,-32.680130223012725,2019-07-16 06:20:39,2019-07-16 06:20:39,272
273,-0.001425378559142173,-0.00013984045840053586,-12.479420577764905,-13.71360641923871,2019-07-16 06:20:39,2019-07-16 06:20:39,273
274,-0.0008308964062942844,7.315631523660814e-05,-5.179577583954028,10.225533411696158,2019-07-16 06:20:39,2019-07-16 06:20:39,274
275,-3.335454692282044e-05,-1.0138320041112374e-06,-1.668597467288799,-4.571400990794089,2019-07-16 06:20:39,2019-07-16 06:20:39,275
276,-0.00032011541209270896,1.0316612835131887e-05,-3.65261713397498,3.916390735098068,2019-07-16 06:20:39,2019-07-16 06:20:39,276
277,-0.0002035696602428551,-1.100771534087988e-05,-7.0696527991099805,-16.977625108309294,2019-07-16 06:20:39,2019-07-16 06:20:39,277
278,-0.0010801686235471818,-2.263860683971031e-05,-13.36927352733946,-4.908085261823509,2019-07-16 06:20:39,2019-07-16 06:20:39,278
279,-0.0019949635274521737,-3.4733354228623255e-05,-12.605463215089438,-3.5390474141953003,2019-07-16 06:20:39,2019-07-16 06:20:39,279
280,-0.0020375288642265365,3.966029075057353e-06,-7.746014423012903,0.20528898245220029,2019-07-16 06:20:39,2019-07-16 06:20:39,280
281,-0.0003046754844213945,-1.586612066297468e-05,-3.110460569012112,-2.457992047529652,2019-07-16 06:20:39,2019-07-16 06:20:39,281
282,-0.0001824941323521349,-1.0679120118577202e-05,-11.154811517150401,-21.41733970751189,2019-07-16 06:20:39,2019-07-16 06:20:39,282
283,-0.00033636469000537355,-5.377533506227399e-05,-12.125851287955856,-24.47053520637987,2019-07-16 06:20:39,2019-07-16 06:20:39,283
284,-0.0008574111748032057,-4.685357196796609e-05,-11.022370617405791,-8.455924514696425,2019-07-16 06:20:39,2019-07-16 06:20:39,284
285,-0.0018778828469479458,-0.00034499587272892267,-14.328093057521363,-26.32353858258575,2019-07-16 06:20:39,2019-07-16 06:20:39,285
286,-0.0019066724637434487,4.06500577435879e-05,-8.573020676147202,2.436352239682326,2019-07-16 06:20:39,2019-07-16 06:20:39,286
287,-0.00014547171759569304,-2.808135176840897e-06,-4.933164173825256,-5.1654994004937,2019-07-16 06:20:39,2019-07-16 06:20:39,287
288,-0.00010320912143906165,-1.5975698004971356e-05,-2.389996693747676,-20.300733592203237,2019-07-16 06:20:39,2019-07-16 06:20:39,288
289,-0.00012229584576405037,-2.2070790855985243e-05,-6.606700871195038,-19.27362789084796,2019-07-16 06:20:39,2019-07-16 06:20:39,289
290,-0.0008373877345250758,-5.303539332147501e-05,-8.042560593514676,-8.653097243825368,2019-07-16 06:20:39,2019-07-16 06:20:39,290
291,-0.0009038840205124877,2.9720203323084328e-05,-6.752314653760853,3.576187134946782,2019-07-16 06:20:39,2019-07-16 06:20:39,291
292,-0.0013415569080098312,-0.00022185350655305524,-8.49842814636959,-12.159759418810529,2019-07-16 06:20:39,2019-07-16 06:20:39,292
293,-0.00035185089385480117,-3.219193757487363e-05,-7.216481896125125,-12.530052307739783,2019-07-16 06:20:39,2019-07-16 06:20:39,293
294,-0.0009416016617518462,-3.614117284124951e-05,-11.15773941089227,-9.976053929419136,2019-07-16 06:20:39,2019-07-16 06:20:39,294
295,-0.0013438318301415566,-7.413331126491962e-05,-8.682110321087686,-6.397476414444277,2019-07-16 06:20:39,2019-07-16 06:20:39,295
296,-0.0002557890169200302,-3.6601919739438e-05,-5.117682621665612,-19.08514810168634,2019-07-16 06:20:39,2019-07-16 06:20:39,296
297,-0.001272809170988404,-0.00012486819407446278,-8.308728348497693,-11.408432461006207,2019-07-16 06:20:39,2019-07-16 06:20:39,297
298,-0.003442754202830943,0.00015699876291135756,-11.169817317722933,5.72017344586103,2019-07-16 06:20:39,2019-07-16 06:20:39,298
299,-0.0010891572357946116,-3.081758134790448e-05,-11.544565706382011,-5.529487736970478,2019-07-16 06:20:39,2019-07-16 06:20:39,299
300,-0.0013048175753742237,-8.895285650378472e-05,-16.59525885730235,-11.861545756290516,2019-07-16 06:20:39,2019-07-16 06:20:39,300
301,-0.0026490691998766382,-0.00021134975447411355,-14.762693706181576,-10.841012610489612,2019-07-16 06:20:39,2019-07-16 06:20:39,301
302,-9.530534814619088e-05,-2.845360083778919e-06,-16.68834679621703,-43.14747874914218,2019-07-16 06:20:39,2019-07-16 06:20:39,302
303,-0.0012315434488747695,-4.2129374982535605e-05,-15.298667991389232,-7.973331845708398,2019-07-16 06:20:39,2019-07-16 06:20:39,303
304,-4.9475866389425314e-05,-5.8073428241790075e-06,-4.119858348749835,-42.35053743272612,2019-07-16 06:20:39,2019-07-16 06:20:39,304
305,-0.00043364682737634684,-4.792632746192746e-05,-11.71248203770581,-15.65844621741669,2019-07-16 06:20:39,2019-07-16 06:20:39,305
306,-0.00019135968367238297,-1.774772674861326e-05,-6.83539766548009,-26.03712248269552,2019-07-16 06:20:39,2019-07-16 06:20:39,306
307,-0.0011499287184220917,-9.933653937773628e-05,-14.594168128981709,-18.589413239024672,2019-07-16 06:20:39,2019-07-16 06:20:39,307
308,-0.0007085335547408707,-4.287393788855643e-05,-8.228064024948,-11.431925038881014,2019-07-16 06:20:39,2019-07-16 06:20:39,308
309,-0.0003041195570263942,-7.101761723537047e-05,-17.0494932172041,-35.47387250139929,2019-07-16 06:20:39,2019-07-16 06:20:39,309
310,-0.0006194197999699587,-5.323695925688855e-05,-13.536382695185422,-16.58989322359509,2019-07-16 06:20:39,2019-07-16 06:20:39,310
311,-0.00019276067167825568,-1.0151899635653992e-05,-10.97229910790581,-28.375861608523397,2019-07-16 06:20:39,2019-07-16 06:20:39,311
312,-0.0005732103329323236,-1.943186919190928e-05,-6.697061026300734,-6.320697217137748,2019-07-16 06:20:39,2019-07-16 06:20:39,312
313,-0.001088540424928195,-4.0682898869060985e-05,-8.6759168496096,-4.561291920264163,2019-07-16 06:20:39,2019-07-16 06:20:39,313
314,-5.2056240048460694e-05,-1.15003006608103e-05,-6.039846095247261,-19.949455145999853,2019-07-16 06:20:39,2019-07-16 06:20:39,314
315,-0.00011051543473526498,-1.7213705540650408e-05,-2.039799873361669,-20.83327619046109,2019-07-16 06:20:39,2019-07-16 06:20:39,315
316,0.00047244816098989046,0.0001744130619443775,1.495578150630853,9.42933044395195,2019-07-16 06:20:39,2019-07-16 06:20:39,316
317,-0.00029374138224068147,-1.5491347885375734e-05,-7.9972739276264475,-16.420903554034208,2019-07-16 06:20:39,2019-07-16 06:20:39,317
318,-0.00043859111649517646,5.732093617574992e-06,-6.243274390797184,1.651998097486535,2019-07-16 06:20:39,2019-07-16 06:20:39,318
319,-0.0030548946022248974,-0.0004195036389370778,-18.099823959784413,-16.199839476220873,2019-07-16 06:20:39,2019-07-16 06:20:39,319
320,-0.00018498418491870553,-1.0392081032051184e-05,-11.290040433380462,-37.84722954460909,2019-07-16 06:20:39,2019-07-16 06:20:39,320
321,-0.002122974790008249,-3.046664486146201e-05,-11.237757371977994,-1.734207968430411,2019-07-16 06:20:39,2019-07-16 06:20:39,321
322,-0.00013569890599285725,-6.225779308075669e-06,-10.03030763690986,-41.91456768367692,2019-07-16 06:20:39,2019-07-16 06:20:39,322
323,-0.005030004325985206,-6.99879317000625e-05,-18.013862838377875,-2.561372565762548,2019-07-16 06:20:39,2019-07-16 06:20:39,323
324,-0.0003048232305435071,-3.066162785725321e-05,-5.260942982294342,-19.532904809623087,2019-07-16 06:20:39,2019-07-16 06:20:39,324
325,-0.0006764586080485561,-4.711988622337467e-05,-16.12975086579105,-22.73790960282777,2019-07-16 06:20:39,2019-07-16 06:20:39,325
326,-0.0002889975995664866,-1.5209431733002836e-05,-5.881743358290593,-10.771580942285734,2019-07-16 06:20:39,2019-07-16 06:20:39,326
327,4.680850152224275e-05,0.0001868583068768259,0.2037265762346614,15.041794501647544,2019-07-16 06:20:39,2019-07-16 06:20:39,327
328,-2.5461067181583917e-05,-2.4367854165539546e-06,-2.678418928218879,-31.111831475660352,2019-07-16 06:20:39,2019-07-16 06:20:39,328
329,-9.521541026604652e-05,-1.719163116413915e-05,-1.1276484414406516,-7.580433105546813,2019-07-16 06:20:39,2019-07-16 06:20:39,329
330,-0.0006102550049343189,-4.48915457735246e-05,-9.220542231349867,-19.3881903814214,2019-07-16 06:20:39,2019-07-16 06:20:39,330
331,-0.0003226014904163469,-1.5369407602841783e-05,-11.856611664932444,-15.34670217693644,2019-07-16 06:20:39,2019-07-16 06:20:39,331
332,-0.0004162910109143305,-9.254311192257049e-06,-10.727252627018835,-1.4283550845486337,2019-07-16 06:20:39,2019-07-16 06:20:39,332
333,-0.00033941463353976694,-0.00013966693635675566,-2.486877009728251,-20.11993300461157,2019-07-16 06:20:39,2019-07-16 06:20:39,333
334,-5.138375703768045e-06,-4.138869147284836e-06,-0.15559296447699522,-9.85962930786222,2019-07-16 06:20:39,2019-07-16 06:20:39,334
335,0.0017561214383599853,0.0008038204861732555,4.053289248972518,26.47024180677095,2019-07-16 06:20:39,2019-07-16 06:20:39,335
336,-0.0013966019884525888,-0.00020338739449845294,-16.629987347609145,-30.88117285329001,2019-07-16 06:20:39,2019-07-16 06:20:39,336
337,-0.0019090144666011064,0.00016043998374752928,-7.168507975533718,6.5585692782578136,2019-07-16 06:20:39,2019-07-16 06:20:39,337
338,-0.0012822740994613603,-9.85209435601839e-05,-15.105728668954718,-20.718279327692162,2019-07-16 06:20:39,2019-07-16 06:20:39,338
339,-0.0024335890351559067,-9.893842459224497e-05,-9.723013648825573,-2.5230501865227106,2019-07-16 06:20:39,2019-07-16 06:20:39,339
340,-0.0014002905056860221,-6.577918335183904e-05,-12.551729616010302,-6.632331565534383,2019-07-16 06:20:39,2019-07-16 06:20:39,340
341,-0.003855031522837754,-0.00030049747371721746,-18.968503965988464,-10.165310688009255,2019-07-16 06:20:39,2019-07-16 06:20:39,341
342,-0.0002777163479432764,-1.7494648869406348e-05,-9.077876216055355,-19.13733671834119,2019-07-16 06:20:39,2019-07-16 06:20:39,342
343,-0.0001769940246651497,-9.942937144393707e-06,-10.043924013490802,-27.419943609359557,2019-07-16 06:20:39,2019-07-16 06:20:39,343
344,-0.0002996933626921883,-3.331889665736775e-05,-6.617676318007337,-17.923800610580177,2019-07-16 06:20:39,2019-07-16 06:20:39,344
345,-0.0009907162941235005,3.753264150328488e-07,-8.089592424076722,0.06671859534973516,2019-07-16 06:20:39,2019-07-16 06:20:39,345
346,-0.0021050918265877734,-5.2515526732432005e-05,-16.301227122831566,-3.2711729929364677,2019-07-16 06:20:39,2019-07-16 06:20:39,346
347,-0.00011567003592692281,-2.649281295068466e-06,-5.940355103964892,-9.320325055771335,2019-07-16 06:20:39,2019-07-16 06:20:39,347
348,-0.00010889822763147239,-3.3246331927071273e-06,-5.564712789605386,-12.45121413476095,2019-07-16 06:20:39,2019-07-16 06:20:39,348
349,-6.500169105301701e-05,-4.316279323326685e-06,-14.32915490574672,-34.62586949710763,2019-07-16 06:20:39,2019-07-16 06:20:39,349
350,-0.00204835652633695,-0.0002703340350051996,-20.40704315972274,-14.093095993760134,2019-07-16 06:20:39,2019-07-16 06:20:39,350
351,-0.00021083644223682564,-1.6119818868162574e-05,-10.449387584873275,-41.87439456473629,2019-07-16 06:20:39,2019-07-16 06:20:39,351
352,-0.0008342723715295879,3.876748510356836e-05,-4.354822737694567,2.215415429104451,2019-07-16 06:20:39,2019-07-16 06:20:39,352
353,-0.0005449074002137281,4.814699311813629e-05,-4.1084131424614885,8.706634306698572,2019-07-16 06:20:39,2019-07-16 06:20:39,353
354,-0.0002691200373017213,-6.5515262399976785e-06,-10.09556714713911,-10.22650230967726,2019-07-16 06:20:39,2019-07-16 06:20:39,354
355,-0.0007110394955572128,2.3967202933770214e-05,-7.061359475437232,5.209842498115246,2019-07-16 06:20:39,2019-07-16 06:20:39,355
356,-0.0009513090324490155,-2.513030298014817e-05,-10.775839086616761,-7.310638819277479,2019-07-16 06:20:39,2019-07-16 06:20:39,356
357,-0.0016817854039045542,-0.00022344355432450167,-15.332847400219588,-28.157321612991574,2019-07-16 06:20:39,2019-07-16 06:20:39,357
358,-0.0011914708062387203,-2.6752839423987128e-05,-12.453451715323517,-5.987470223324547,2019-07-16 06:20:39,2019-07-16 06:20:39,358
359,-0.0008503118027058632,-5.5846155568344164e-05,-5.764458045867637,-5.946887481514631,2019-07-16 06:20:39,2019-07-16 06:20:39,359
360,-0.00013962216671686338,-2.0695603924901004e-06,-4.054563149066006,-3.852421751471398,2019-07-16 06:20:39,2019-07-16 06:20:39,360
361,-0.00025483812535202944,-2.1674879566614183e-05,-12.195453728286978,-21.932662776713407,2019-07-16 06:20:39,2019-07-16 06:20:39,361
362,-0.0007965804589022948,0.0001753417065879155,-3.73351071612314,10.485850708807318,2019-07-16 06:20:39,2019-07-16 06:20:39,362
363,0.0006026811643886531,0.00020157576286947032,1.8273274547047722,8.436017926703482,2019-07-16 06:20:39,2019-07-16 06:20:39,363
364,-0.0003348107557199426,-2.366265543891077e-05,-5.055156475905734,-7.067200759577368,2019-07-16 06:20:39,2019-07-16 06:20:39,364
365,-9.934709685916199e-05,-8.40724387315983e-06,-6.717279508182263,-43.74921745007616,2019-07-16 06:20:39,2019-07-16 06:20:39,365
366,-0.000680789800701048,-2.422446854066518e-05,-12.087079041820996,-10.591852216657745,2019-07-16 06:20:39,2019-07-16 06:20:39,366
367,-0.0006846663841875772,-5.699995602913664e-05,-11.625115676695819,-19.045112082424993,2019-07-16 06:20:39,2019-07-16 06:20:39,367
368,-7.7817122694333e-05,-4.137054207520813e-06,-5.963660027523979,-35.52134711549771,2019-07-16 06:20:39,2019-07-16 06:20:39,368
369,-0.0018334558622600655,-0.00013942721548825522,-16.164600194885878,-11.885196028176985,2019-07-16 06:20:39,2019-07-16 06:20:39,369
370,-0.002518280783929872,5.344432239363752e-06,-11.130056662498543,0.2720090792829434,2019-07-16 06:20:39,2019-07-16 06:20:39,370
371,-0.0004505708930481931,-6.079200672718285e-06,-11.395132924089507,-2.8865576609890073,2019-07-16 06:20:39,2019-07-16 06:20:39,371
372,-0.0011290332864429947,-0.00014609177323348253,-8.779805248127875,-18.5440131257962,2019-07-16 06:20:39,2019-07-16 06:20:39,372
373,-0.0003129612333090185,-3.4529383628282015e-05,-9.06023820247097,-27.83360435602382,2019-07-16 06:20:39,2019-07-16 06:20:39,373
374,-0.0005288362162403291,-6.715839514040897e-05,-13.69640274079469,-22.091652528126822,2019-07-16 06:20:39,2019-07-16 06:20:39,374
375,-0.0012902758849382212,-0.00015104998411127906,-19.39883930530271,-11.820670639278323,2019-07-16 06:20:39,2019-07-16 06:20:39,375
376,-4.097520505084519e-05,-7.892288616705542e-06,-1.9325081925956027,-28.189561503254183,2019-07-16 06:20:39,2019-07-16 06:20:39,376
377,-0.0013756805262988615,-8.904786947895267e-05,-9.022986319895386,-7.928759283503672,2019-07-16 06:20:39,2019-07-16 06:20:39,377
378,-9.367077726023111e-05,-1.734341092078401e-06,-2.746164776410453,-3.7980564639647847,2019-07-16 06:20:39,2019-07-16 06:20:39,378
379,-0.00017698269546709787,-9.42410113790249e-06,-9.906045949184044,-24.38546824655824,2019-07-16 06:20:39,2019-07-16 06:20:39,379
380,-0.0006581243645070297,-7.996090860349179e-05,-11.039463841422982,-21.472420507990194,2019-07-16 06:20:39,2019-07-16 06:20:39,380
381,-0.00015544449029223796,-6.1986221376100505e-06,-5.922035336667134,-12.610306905550916,2019-07-16 06:20:39,2019-07-16 06:20:39,381
382,-0.00015584254297324758,-9.830621253550776e-06,-18.64760500292285,-30.313861594100686,2019-07-16 06:20:39,2019-07-16 06:20:39,382
383,-0.0002836722960322035,-1.2135518496129508e-05,-9.302825999904961,-19.032850710325928,2019-07-16 06:20:39,2019-07-16 06:20:39,383
384,-0.0007827848509360544,-7.014596904465779e-05,-5.89933401181402,-10.80825002301947,2019-07-16 06:20:39,2019-07-16 06:20:39,384
