ID_RDG_V1_Out,RDG_ABS_CRS,RDG_SCA_CRS,created_at,updated_at,MLink
1,0.008833291314966399,0.0006876413918205737,2019-07-16 06:06:39,2019-07-16 06:06:39,1
2,0.016207966226529456,0.0013744168233358841,2019-07-16 06:06:39,2019-07-16 06:06:39,2
3,0.0005710419613900564,5.912592399093069e-06,2019-07-16 06:06:39,2019-07-16 06:06:39,3
4,0.0021771526099467306,7.453844212022189e-05,2019-07-16 06:06:39,2019-07-16 06:06:39,4
5,0.0057163958670443564,0.000203139705924432,2019-07-16 06:06:39,2019-07-16 06:06:39,5
6,0.01152728304635712,0.0015354896266189433,2019-07-16 06:06:39,2019-07-16 06:06:39,6
7,0.007650932164002362,0.0004991378926517709,2019-07-16 06:06:39,2019-07-16 06:06:39,7
8,0.0012592888471147905,1.8762055326563183e-05,2019-07-16 06:06:39,2019-07-16 06:06:39,8
9,0.0024573938041236817,8.849669833310785e-05,2019-07-16 06:06:39,2019-07-16 06:06:39,9
10,0.0017451041809634139,3.2464963384009834e-05,2019-07-16 06:06:39,2019-07-16 06:06:39,10
11,0.010514999426476783,0.002132342505322705,2019-07-16 06:06:39,2019-07-16 06:06:39,11
12,0.0012049888740769503,1.2915623938064468e-05,2019-07-16 06:06:39,2019-07-16 06:06:39,12
13,0.0023033561517656455,0.00026163974408131786,2019-07-16 06:06:39,2019-07-16 06:06:39,13
14,0.0035300128633524042,8.501218177353208e-05,2019-07-16 06:06:39,2019-07-16 06:06:39,14
15,0.025648976789699,0.003751258068132091,2019-07-16 06:06:39,2019-07-16 06:06:39,15
16,0.0007242098885128538,1.6201229097144368e-05,2019-07-16 06:06:39,2019-07-16 06:06:39,16
17,0.0075899703047132795,0.0002444848175254354,2019-07-16 06:06:39,2019-07-16 06:06:39,17
18,0.003644112797572869,0.00020417187182650002,2019-07-16 06:06:39,2019-07-16 06:06:39,18
19,0.0009141967179063991,7.91894757865809e-06,2019-07-16 06:06:39,2019-07-16 06:06:39,19
20,0.006267581972135736,0.00018990527985369778,2019-07-16 06:06:39,2019-07-16 06:06:39,20
21,0.005726335523125881,0.00027631007711638857,2019-07-16 06:06:39,2019-07-16 06:06:39,21
22,0.0077467703994262135,0.00029670836263737886,2019-07-16 06:06:39,2019-07-16 06:06:39,22
23,0.008437587752078283,0.00026764777075827733,2019-07-16 06:06:39,2019-07-16 06:06:39,23
24,0.0026542057638306174,3.993097316038612e-05,2019-07-16 06:06:39,2019-07-16 06:06:39,24
25,0.001054587882611359,1.5920178088654345e-05,2019-07-16 06:06:39,2019-07-16 06:06:39,25
26,0.0051734575480470975,0.00033509392175280376,2019-07-16 06:06:39,2019-07-16 06:06:39,26
27,0.0016567247290747696,1.530892543805122e-05,2019-07-16 06:06:39,2019-07-16 06:06:39,27
28,0.00142579152321165,1.7540873977923064e-05,2019-07-16 06:06:39,2019-07-16 06:06:39,28
29,0.0014435791100281812,1.8807789206086924e-05,2019-07-16 06:06:39,2019-07-16 06:06:39,29
30,0.005692036020130962,0.00020376550328093612,2019-07-16 06:06:39,2019-07-16 06:06:39,30
31,0.0026543286487715452,9.844445995713916e-05,2019-07-16 06:06:39,2019-07-16 06:06:39,31
32,0.006796818244781926,0.00036553716341805636,2019-07-16 06:06:39,2019-07-16 06:06:39,32
33,0.009234244175715023,0.0006717024534733127,2019-07-16 06:06:39,2019-07-16 06:06:39,33
34,0.011258630988478,0.0005514687494999965,2019-07-16 06:06:39,2019-07-16 06:06:39,34
35,0.0017832904444429001,1.84733002914121e-05,2019-07-16 06:06:39,2019-07-16 06:06:39,35
36,0.0010640695650728797,1.642761371523335e-05,2019-07-16 06:06:39,2019-07-16 06:06:39,36
37,0.0038957276218038093,0.0001247011411907289,2019-07-16 06:06:39,2019-07-16 06:06:39,37
38,0.0013651412742473838,4.820658962535912e-05,2019-07-16 06:06:39,2019-07-16 06:06:39,38
39,0.002064902797649567,3.792031873331366e-05,2019-07-16 06:06:39,2019-07-16 06:06:39,39
40,0.005669192793983185,0.0002495547237249663,2019-07-16 06:06:39,2019-07-16 06:06:39,40
41,0.0017471988055979427,2.0952692608434593e-05,2019-07-16 06:06:39,2019-07-16 06:06:39,41
42,0.0028637188687775346,5.6715688950632656e-05,2019-07-16 06:06:39,2019-07-16 06:06:39,42
43,0.0016514152155677516,3.500184346285092e-05,2019-07-16 06:06:39,2019-07-16 06:06:39,43
44,0.005096309000045821,0.0002450906362296673,2019-07-16 06:06:39,2019-07-16 06:06:39,44
45,0.0011528800238422652,1.0272300446938183e-05,2019-07-16 06:06:39,2019-07-16 06:06:39,45
46,0.007650829977140569,0.00029432840442139834,2019-07-16 06:06:39,2019-07-16 06:06:39,46
47,0.0007685721310591566,7.769347150416254e-06,2019-07-16 06:06:39,2019-07-16 06:06:39,47
48,0.0013821738331836273,0.00010686803218150659,2019-07-16 06:06:39,2019-07-16 06:06:39,48
49,0.004488029467029132,8.978035256027748e-05,2019-07-16 06:06:39,2019-07-16 06:06:39,49
50,0.0011808153337779484,3.249895762240114e-05,2019-07-16 06:06:39,2019-07-16 06:06:39,50
51,0.0022770641069073455,6.031610012914137e-05,2019-07-16 06:06:39,2019-07-16 06:06:39,51
52,0.0019449257667819321,3.7237742973348124e-05,2019-07-16 06:06:39,2019-07-16 06:06:39,52
53,0.0007282166920034122,3.678670036622869e-06,2019-07-16 06:06:39,2019-07-16 06:06:39,53
54,0.0014250253881184702,1.4045436188114433e-05,2019-07-16 06:06:39,2019-07-16 06:06:39,54
55,0.0009686204441045567,1.4696457091299707e-05,2019-07-16 06:06:39,2019-07-16 06:06:39,55
56,0.0010401834083914483,1.918079515189206e-05,2019-07-16 06:08:29,2019-07-16 06:08:29,56
57,0.0014725329356527661,4.133940494619805e-05,2019-07-16 06:08:29,2019-07-16 06:08:29,57
58,0.006051597024580744,0.00010552309508555502,2019-07-16 06:08:29,2019-07-16 06:08:29,58
59,0.0025019125788496442,7.647098166313861e-05,2019-07-16 06:08:29,2019-07-16 06:08:29,59
60,0.0015933005576048746,1.8817915943059103e-05,2019-07-16 06:08:29,2019-07-16 06:08:29,60
61,0.0003987257909244479,2.556974945644896e-06,2019-07-16 06:08:29,2019-07-16 06:08:29,61
62,0.011717731204698805,0.0011267770726948632,2019-07-16 06:08:29,2019-07-16 06:08:29,62
63,0.003930468194561794,0.00012570920559058446,2019-07-16 06:08:29,2019-07-16 06:08:29,63
64,0.005203075483765605,0.0001409623219404741,2019-07-16 06:08:29,2019-07-16 06:08:29,64
65,0.00374776968898468,8.912348990357812e-05,2019-07-16 06:08:29,2019-07-16 06:08:29,65
66,0.0035493520272528024,0.00010826805865191065,2019-07-16 06:08:29,2019-07-16 06:08:29,66
67,0.0011006831131616598,2.7824725445104856e-05,2019-07-16 06:08:29,2019-07-16 06:08:29,67
68,0.003987809170472666,0.0001537291949236175,2019-07-16 06:08:29,2019-07-16 06:08:29,68
69,0.006838431654582525,0.00025594238320767745,2019-07-16 06:08:29,2019-07-16 06:08:29,69
70,0.0021593306798634547,2.046742232093845e-05,2019-07-16 06:08:29,2019-07-16 06:08:29,70
71,0.023804058962190934,0.0027218924594772606,2019-07-16 06:08:29,2019-07-16 06:08:29,71
72,0.0005280849266233514,6.0741283181730095e-06,2019-07-16 06:08:29,2019-07-16 06:08:29,72
73,0.004220844083994577,8.060115126608635e-05,2019-07-16 06:08:29,2019-07-16 06:08:29,73
74,0.0031017736140301743,4.995555275364899e-05,2019-07-16 06:08:29,2019-07-16 06:08:29,74
75,0.0031582788521629115,8.194474789564164e-05,2019-07-16 06:08:29,2019-07-16 06:08:29,75
76,0.0026710991663030322,0.00010599566858057643,2019-07-16 06:08:29,2019-07-16 06:08:29,76
77,0.0026343434095501238,9.313560817029381e-05,2019-07-16 06:08:29,2019-07-16 06:08:29,77
78,0.004810467060955128,0.00013438230748942208,2019-07-16 06:08:29,2019-07-16 06:08:29,78
79,0.0012071809103062338,9.492767113588455e-06,2019-07-16 06:08:29,2019-07-16 06:08:29,79
80,0.016910950872553766,0.0018582892159250933,2019-07-16 06:08:29,2019-07-16 06:08:29,80
81,0.0008725637301788253,5.0880268516609884e-06,2019-07-16 06:08:29,2019-07-16 06:08:29,81
82,0.007105021059058844,0.00046349081157812013,2019-07-16 06:08:29,2019-07-16 06:08:29,82
83,0.008745909336821856,0.0005780460731753033,2019-07-16 06:08:29,2019-07-16 06:08:29,83
84,0.002181284805398968,5.0997569625302466e-05,2019-07-16 06:08:29,2019-07-16 06:08:29,84
85,0.0021802946501917686,2.7995549648117746e-05,2019-07-16 06:08:29,2019-07-16 06:08:29,85
86,0.004045288041749626,0.0001463262922062081,2019-07-16 06:08:29,2019-07-16 06:08:29,86
87,0.013730960331257506,0.0006394706709464163,2019-07-16 06:08:29,2019-07-16 06:08:29,87
88,0.0010466064766101611,1.043274727420896e-05,2019-07-16 06:08:29,2019-07-16 06:08:29,88
89,0.0007193431572027098,1.2969246048692302e-05,2019-07-16 06:08:29,2019-07-16 06:08:29,89
90,0.0009549593249197666,4.279228105948076e-06,2019-07-16 06:08:29,2019-07-16 06:08:29,90
91,0.0005501085683346498,4.858419937737386e-06,2019-07-16 06:08:29,2019-07-16 06:08:29,91
92,0.0018867786084904763,3.451615045276361e-05,2019-07-16 06:08:29,2019-07-16 06:08:29,92
93,0.007346480817193595,0.0005883647474103299,2019-07-16 06:08:29,2019-07-16 06:08:29,93
94,0.0030730313639068274,0.0001113660680910363,2019-07-16 06:08:29,2019-07-16 06:08:29,94
95,0.0013162873271910644,2.3096409710111707e-05,2019-07-16 06:08:29,2019-07-16 06:08:29,95
96,0.008852892932388369,0.0007780300510264876,2019-07-16 06:08:29,2019-07-16 06:08:29,96
97,0.00229629987976452,4.765235111833991e-05,2019-07-16 06:08:29,2019-07-16 06:08:29,97
98,0.0010207645030308827,1.0568545277574947e-05,2019-07-16 06:08:29,2019-07-16 06:08:29,98
99,0.002683844712196001,8.018880615200715e-05,2019-07-16 06:08:29,2019-07-16 06:08:29,99
100,0.0010617122990404246,1.4639756897649286e-05,2019-07-16 06:08:29,2019-07-16 06:08:29,100
101,0.001230587117697516,1.6897851907693383e-05,2019-07-16 06:08:29,2019-07-16 06:08:29,101
102,0.007203104168110275,0.00021947489943268227,2019-07-16 06:08:29,2019-07-16 06:08:29,102
103,0.0012248228699221562,9.42469756587848e-06,2019-07-16 06:08:29,2019-07-16 06:08:29,103
104,0.0008602155267954159,1.8354942217232446e-05,2019-07-16 06:08:29,2019-07-16 06:08:29,104
105,0.002569610129320711,1.6466405838378977e-05,2019-07-16 06:08:29,2019-07-16 06:08:29,105
106,0.002503135918018605,5.249804062959935e-05,2019-07-16 06:08:29,2019-07-16 06:08:29,106
107,0.0052523426294622975,0.0002537434428974696,2019-07-16 06:08:29,2019-07-16 06:08:29,107
108,0.0029688135002884034,8.564099289572697e-05,2019-07-16 06:08:29,2019-07-16 06:08:29,108
109,0.006021990877728936,0.0001483918826988469,2019-07-16 06:08:29,2019-07-16 06:08:29,109
110,0.0059065747847667684,0.00024415108689661557,2019-07-16 06:08:29,2019-07-16 06:08:29,110
111,0.0065175850724906986,0.00031429061648039473,2019-07-16 06:08:29,2019-07-16 06:08:29,111
112,0.0013143266905618841,1.555660189974638e-05,2019-07-16 06:08:29,2019-07-16 06:08:29,112
113,0.00668683128431299,0.00027688399638713866,2019-07-16 06:08:29,2019-07-16 06:08:29,113
114,0.007994948514562146,0.00030120024329081794,2019-07-16 06:08:29,2019-07-16 06:08:29,114
115,0.0019134354374103057,3.9683277874763204e-05,2019-07-16 06:08:29,2019-07-16 06:08:29,115
116,0.0043698747832941216,0.000198145117260825,2019-07-16 06:08:29,2019-07-16 06:08:29,116
117,0.009088524196632024,0.0005994114407091576,2019-07-16 06:08:29,2019-07-16 06:08:29,117
118,0.013006307815167446,0.0011505132172565421,2019-07-16 06:08:29,2019-07-16 06:08:29,118
119,0.005417600213468369,0.0008522345994618778,2019-07-16 06:08:29,2019-07-16 06:08:29,119
120,0.003343842852490951,0.0001452157551723176,2019-07-16 06:08:29,2019-07-16 06:08:29,120
121,0.0033544828221226957,8.179250596805187e-05,2019-07-16 06:08:29,2019-07-16 06:08:29,121
122,0.02530346387224719,0.003462922073189937,2019-07-16 06:08:29,2019-07-16 06:08:29,122
123,0.0015641283106298995,2.0376104865467404e-05,2019-07-16 06:08:29,2019-07-16 06:08:29,123
124,0.00044194242091070366,3.4399806668262896e-06,2019-07-16 06:08:29,2019-07-16 06:08:29,124
125,0.008864007089918444,0.00036225144717998923,2019-07-16 06:08:29,2019-07-16 06:08:29,125
126,0.013858993655786208,0.0007404505938429909,2019-07-16 06:08:29,2019-07-16 06:08:29,126
127,0.0045261899304368915,0.0001076158211195692,2019-07-16 06:08:29,2019-07-16 06:08:29,127
128,0.0034065716201897825,5.615899007949581e-05,2019-07-16 06:08:29,2019-07-16 06:08:29,128
129,0.004358223026851804,0.0001791961652890517,2019-07-16 06:10:54,2019-07-16 06:10:54,129
130,0.0013307710427842747,1.3294316247690456e-05,2019-07-16 06:10:54,2019-07-16 06:10:54,130
131,0.0019875689034460384,3.224406622851573e-05,2019-07-16 06:10:54,2019-07-16 06:10:54,131
132,0.008458679105122364,0.000585554359014131,2019-07-16 06:10:54,2019-07-16 06:10:54,132
133,0.00457984287001681,7.850861054356047e-05,2019-07-16 06:10:54,2019-07-16 06:10:54,133
134,0.009933538442654396,0.00048431973791629435,2019-07-16 06:10:54,2019-07-16 06:10:54,134
135,0.0011411674550162866,1.7641902043924273e-05,2019-07-16 06:10:54,2019-07-16 06:10:54,135
136,0.0006569649736934726,3.603598910809381e-06,2019-07-16 06:10:54,2019-07-16 06:10:54,136
137,0.009687648065479742,0.0005262973965395934,2019-07-16 06:10:54,2019-07-16 06:10:54,137
138,0.009172765641861398,0.0007844798481952134,2019-07-16 06:10:54,2019-07-16 06:10:54,138
139,0.00527195605033341,0.0001560164333223449,2019-07-16 06:10:54,2019-07-16 06:10:54,139
140,0.004558726640705672,0.00012652094362052528,2019-07-16 06:10:54,2019-07-16 06:10:54,140
141,0.0012658386491917147,1.98139526441552e-05,2019-07-16 06:10:54,2019-07-16 06:10:54,141
142,0.0014037821672088508,1.3252944739794607e-05,2019-07-16 06:10:54,2019-07-16 06:10:54,142
143,0.005787123767218197,0.00020371794850803163,2019-07-16 06:10:54,2019-07-16 06:10:54,143
144,0.004825631237453571,0.00023197226950311115,2019-07-16 06:10:54,2019-07-16 06:10:54,144
145,0.003503456741635706,0.00015042645286616758,2019-07-16 06:10:54,2019-07-16 06:10:54,145
146,0.009811324045959453,0.0010828929543856911,2019-07-16 06:10:54,2019-07-16 06:10:54,146
147,0.0012667069107752979,1.4068971993467947e-05,2019-07-16 06:10:54,2019-07-16 06:10:54,147
148,0.0018374081361471172,4.040974275652447e-05,2019-07-16 06:10:54,2019-07-16 06:10:54,148
149,0.001000376368661054,8.546127161048363e-06,2019-07-16 06:10:54,2019-07-16 06:10:54,149
150,0.00634357112594493,0.0002502500019136579,2019-07-16 06:10:54,2019-07-16 06:10:54,150
151,0.002980818014213345,0.0001001155800044437,2019-07-16 06:10:54,2019-07-16 06:10:54,151
152,0.007038694290356774,0.0001658245502152898,2019-07-16 06:10:54,2019-07-16 06:10:54,152
153,0.004283751539854216,0.00015125491402262587,2019-07-16 06:10:54,2019-07-16 06:10:54,153
154,0.004980500053705485,0.00011805396086966067,2019-07-16 06:10:54,2019-07-16 06:10:54,154
155,0.005127153188615389,0.0001300074284518229,2019-07-16 06:10:54,2019-07-16 06:10:54,155
156,0.002291891745117399,9.481386897393738e-05,2019-07-16 06:10:54,2019-07-16 06:10:54,156
157,0.005078457986750859,0.00042407091370869933,2019-07-16 06:10:54,2019-07-16 06:10:54,157
158,0.0020820778390876994,5.655256732755743e-05,2019-07-16 06:10:54,2019-07-16 06:10:54,158
159,0.002326667347405265,3.2863946599402995e-05,2019-07-16 06:10:54,2019-07-16 06:10:54,159
160,0.005102247697077451,0.0001746286213583725,2019-07-16 06:10:54,2019-07-16 06:10:54,160
161,0.0065614805922824225,0.0008216577545551238,2019-07-16 06:10:54,2019-07-16 06:10:54,161
162,0.01184713773490785,0.000818958687858581,2019-07-16 06:10:54,2019-07-16 06:10:54,162
163,0.002838297544291428,5.600308821190955e-05,2019-07-16 06:10:54,2019-07-16 06:10:54,163
164,0.0035379901785738874,0.00012335853232053366,2019-07-16 06:10:54,2019-07-16 06:10:54,164
165,0.004810735726756534,0.0002155092549798319,2019-07-16 06:10:54,2019-07-16 06:10:54,165
166,0.0035293854985177595,9.513565991099591e-05,2019-07-16 06:10:54,2019-07-16 06:10:54,166
167,0.003447835916554989,7.681194485096379e-05,2019-07-16 06:10:54,2019-07-16 06:10:54,167
168,0.00416831166270524,6.299659299126939e-05,2019-07-16 06:10:54,2019-07-16 06:10:54,168
169,0.0006619388151333568,8.599028441335982e-06,2019-07-16 06:10:54,2019-07-16 06:10:54,169
170,0.005489264272420203,0.0003314733140332481,2019-07-16 06:10:54,2019-07-16 06:10:54,170
171,0.0026115504065332973,9.125160987127808e-05,2019-07-16 06:10:54,2019-07-16 06:10:54,171
172,0.0022831192567723886,5.1568250199783294e-05,2019-07-16 06:10:54,2019-07-16 06:10:54,172
173,0.005222240061583599,0.00015958383160925136,2019-07-16 06:10:54,2019-07-16 06:10:54,173
174,0.009449021882992606,0.0005459518609056119,2019-07-16 06:10:54,2019-07-16 06:10:54,174
175,0.002981826859551138,3.578341044063996e-05,2019-07-16 06:10:54,2019-07-16 06:10:54,175
176,0.009414995210760746,0.00025492185894490215,2019-07-16 06:10:54,2019-07-16 06:10:54,176
177,0.0025257697370060094,0.00011948822026393664,2019-07-16 06:10:54,2019-07-16 06:10:54,177
178,0.003106376628900811,6.0474099259650653e-05,2019-07-16 06:10:54,2019-07-16 06:10:54,178
179,0.0008931049679720549,8.047412902566614e-06,2019-07-16 06:10:54,2019-07-16 06:10:54,179
180,0.005127982149526026,0.00016348010409018577,2019-07-16 06:10:54,2019-07-16 06:10:54,180
181,0.014555151236589297,0.0010792757202098642,2019-07-16 06:10:54,2019-07-16 06:10:54,181
182,0.016558645155201227,0.00142775699668269,2019-07-16 06:10:54,2019-07-16 06:10:54,182
183,0.0034695373435036877,9.969032911403346e-05,2019-07-16 06:10:54,2019-07-16 06:10:54,183
184,0.001933041076051085,2.726447032564463e-05,2019-07-16 06:10:54,2019-07-16 06:10:54,184
185,0.001860020860654991,5.075170609933289e-05,2019-07-16 06:10:54,2019-07-16 06:10:54,185
186,0.005139846764756596,0.0002616141814062705,2019-07-16 06:10:54,2019-07-16 06:10:54,186
187,0.0011052409296735861,9.215742008769455e-06,2019-07-16 06:10:54,2019-07-16 06:10:54,187
188,0.002505576653570515,4.693517955845147e-05,2019-07-16 06:10:54,2019-07-16 06:10:54,188
189,0.0007634680634662936,4.732507139470228e-06,2019-07-16 06:10:54,2019-07-16 06:10:54,189
190,0.004552402325517761,0.00017799143207126907,2019-07-16 06:10:54,2019-07-16 06:10:54,190
191,0.00418429686290111,0.0001141893776186356,2019-07-16 06:10:54,2019-07-16 06:10:54,191
192,0.001990487359067748,1.991439301637538e-05,2019-07-16 06:10:54,2019-07-16 06:10:54,192
193,0.004977929226346503,0.00018623533049287995,2019-07-16 06:10:54,2019-07-16 06:10:54,193
194,0.0006930379378101245,5.496374618339889e-06,2019-07-16 06:10:54,2019-07-16 06:10:54,194
195,0.0006577087096466598,8.419474599560947e-06,2019-07-16 06:10:54,2019-07-16 06:10:54,195
196,0.012001657364248285,0.0007305629327515027,2019-07-16 06:10:54,2019-07-16 06:10:54,196
197,0.011538160224801766,0.0008797778178761174,2019-07-16 06:10:54,2019-07-16 06:10:54,197
198,0.005086067286527031,0.0002557999292668652,2019-07-16 06:10:54,2019-07-16 06:10:54,198
199,0.0033739777796906434,5.286442592581378e-05,2019-07-16 06:10:54,2019-07-16 06:10:54,199
200,0.006195137932302434,0.00018834514766400453,2019-07-16 06:10:54,2019-07-16 06:10:54,200
201,0.0010705954413629452,1.971800935166542e-05,2019-07-16 06:10:54,2019-07-16 06:10:54,201
202,0.0029199373278659597,6.33624134690424e-05,2019-07-16 06:10:54,2019-07-16 06:10:54,202
203,0.0012741273916074803,1.1586683526865534e-05,2019-07-16 06:10:54,2019-07-16 06:10:54,203
204,0.0017700257678107685,3.718448003130194e-05,2019-07-16 06:10:54,2019-07-16 06:10:54,204
205,0.004901907424208385,0.00027207001241953287,2019-07-16 06:10:54,2019-07-16 06:10:54,205
206,0.002445889076128087,4.073883708364954e-05,2019-07-16 06:10:54,2019-07-16 06:10:54,206
207,0.0019044708820757602,2.478721539252818e-05,2019-07-16 06:10:54,2019-07-16 06:10:54,207
208,0.005234576232942679,0.00023709075205204214,2019-07-16 06:10:54,2019-07-16 06:10:54,208
209,0.0025791464589474734,3.584428062736919e-05,2019-07-16 06:10:54,2019-07-16 06:10:54,209
210,0.0021071922517399335,3.677610184971825e-05,2019-07-16 06:10:54,2019-07-16 06:10:54,210
211,0.002258800472929899,5.729203279294639e-05,2019-07-16 06:10:54,2019-07-16 06:10:54,211
212,0.00958595279580566,0.0003841843132972918,2019-07-16 06:10:54,2019-07-16 06:10:54,212
213,0.0026629580417277627,0.0001848805209520442,2019-07-16 06:10:54,2019-07-16 06:10:54,213
214,0.0019753969592186177,3.6902934811409894e-05,2019-07-16 06:15:34,2019-07-16 06:15:34,214
215,0.00940901992825791,0.000422237460628598,2019-07-16 06:15:34,2019-07-16 06:15:34,215
216,0.012099952854591242,0.0006830459126439669,2019-07-16 06:15:34,2019-07-16 06:15:34,216
217,0.021454542791792763,0.0017452223842268867,2019-07-16 06:15:34,2019-07-16 06:15:34,217
218,0.012090688859945803,0.0010613551295128507,2019-07-16 06:15:34,2019-07-16 06:15:34,218
219,0.004549875281887721,0.00022037921377947525,2019-07-16 06:15:34,2019-07-16 06:15:34,219
220,0.0020616894243484117,3.518100700235861e-05,2019-07-16 06:15:34,2019-07-16 06:15:34,220
221,0.003753061811703505,0.0002087715892708214,2019-07-16 06:15:34,2019-07-16 06:15:34,221
222,0.0025184074314100868,4.488764317072869e-05,2019-07-16 06:15:34,2019-07-16 06:15:34,222
223,0.0006461540238974658,3.1602999394644515e-05,2019-07-16 06:15:34,2019-07-16 06:15:34,223
224,0.005225137543512786,0.00016441929480275056,2019-07-16 06:15:34,2019-07-16 06:15:34,224
225,0.005343083289164876,9.994457035130524e-05,2019-07-16 06:15:34,2019-07-16 06:15:34,225
226,0.0025624725150116888,5.7510631865703135e-05,2019-07-16 06:15:34,2019-07-16 06:15:34,226
227,0.005529195283536374,9.536369174292354e-05,2019-07-16 06:15:34,2019-07-16 06:15:34,227
228,0.009333418148153028,0.0009992718088343883,2019-07-16 06:15:34,2019-07-16 06:15:34,228
229,0.006402656937795972,0.000126324664001458,2019-07-16 06:15:34,2019-07-16 06:15:34,229
230,0.004504378342225414,0.00014321725514232576,2019-07-16 06:15:34,2019-07-16 06:15:34,230
231,0.008318210892927584,0.0004222300902493303,2019-07-16 06:15:34,2019-07-16 06:15:34,231
232,0.002486959182961994,5.9277153872010425e-05,2019-07-16 06:15:34,2019-07-16 06:15:34,232
233,0.0019015295796838464,4.8770670463339194e-05,2019-07-16 06:15:34,2019-07-16 06:15:34,233
234,0.018857012845694573,0.0015063002524290075,2019-07-16 06:15:34,2019-07-16 06:15:34,234
235,0.0061368525944109015,0.0003538946455732643,2019-07-16 06:15:34,2019-07-16 06:15:34,235
236,0.005373216902186111,0.00034737338970601745,2019-07-16 06:15:34,2019-07-16 06:15:34,236
237,0.009071079254959903,0.0006918797344683765,2019-07-16 06:15:34,2019-07-16 06:15:34,237
238,0.002052319782978595,5.2517439824251006e-05,2019-07-16 06:15:34,2019-07-16 06:15:34,238
239,0.0012743115666484749,2.547030298334276e-05,2019-07-16 06:15:34,2019-07-16 06:15:34,239
240,0.009473714707200726,0.0006830626293448655,2019-07-16 06:15:34,2019-07-16 06:15:34,240
241,0.0025174024806992714,8.784696984999106e-05,2019-07-16 06:15:34,2019-07-16 06:15:34,241
242,0.004286735393863096,0.00014044622737417308,2019-07-16 06:15:34,2019-07-16 06:15:34,242
243,0.0022677337741399935,5.520319703047215e-05,2019-07-16 06:15:34,2019-07-16 06:15:34,243
244,0.01061895614563571,0.0010709696076544207,2019-07-16 06:15:34,2019-07-16 06:15:34,244
245,0.03876133783728403,0.0030168388661755523,2019-07-16 06:15:34,2019-07-16 06:15:34,245
246,0.0009612955723440608,5.258690004311535e-05,2019-07-16 06:15:34,2019-07-16 06:15:34,246
247,0.002698091503634384,0.0001372398575176024,2019-07-16 06:15:34,2019-07-16 06:15:34,247
248,0.016935541511485516,0.0018898272737880965,2019-07-16 06:15:34,2019-07-16 06:15:34,248
249,0.002163478566663527,0.0002634753109588403,2019-07-16 06:15:34,2019-07-16 06:15:34,249
250,0.013613805265121117,0.001283496929520191,2019-07-16 06:15:34,2019-07-16 06:15:34,250
251,0.0181767767916656,0.0024761569355092466,2019-07-16 06:15:34,2019-07-16 06:15:34,251
252,0.015476858467270477,0.0005498838115574963,2019-07-16 06:15:34,2019-07-16 06:15:34,252
253,0.0021847212469364237,2.3875800003672812e-05,2019-07-16 06:15:34,2019-07-16 06:15:34,253
254,0.002391784168655895,4.02771701927145e-05,2019-07-16 06:15:34,2019-07-16 06:15:34,254
255,0.0037290080273378236,6.743267124115786e-05,2019-07-16 06:15:34,2019-07-16 06:15:34,255
256,0.0065353594952192095,0.00031879279443042333,2019-07-16 06:15:34,2019-07-16 06:15:34,256
257,0.03922913535563739,0.008175153953646425,2019-07-16 06:15:34,2019-07-16 06:15:34,257
258,0.006412007306202203,0.0002610579354828759,2019-07-16 06:15:34,2019-07-16 06:15:34,258
259,0.005321373113289365,0.0003177923590011171,2019-07-16 06:15:34,2019-07-16 06:15:34,259
260,0.021568326175738197,0.0015737188846789718,2019-07-16 06:15:34,2019-07-16 06:15:34,260
261,0.004906570426094619,0.00020023294643791017,2019-07-16 06:15:34,2019-07-16 06:15:34,261
262,0.00241637290561233,5.7870669752634015e-05,2019-07-16 06:15:34,2019-07-16 06:15:34,262
263,0.0021756540347824716,0.00017376741545344467,2019-07-16 06:15:34,2019-07-16 06:15:34,263
264,0.009289777718877944,0.0006053629994366736,2019-07-16 06:15:34,2019-07-16 06:15:34,264
265,0.00178667379861452,1.4056361366720034e-05,2019-07-16 06:15:34,2019-07-16 06:15:34,265
266,0.012884035638024413,0.0011813584056384946,2019-07-16 06:15:34,2019-07-16 06:15:34,266
267,0.012784386910417903,0.0013448650284482088,2019-07-16 06:15:34,2019-07-16 06:15:34,267
268,0.018245654649052215,0.0009822269717576874,2019-07-16 06:15:34,2019-07-16 06:15:34,268
269,0.007784471322963528,0.0004042574927279516,2019-07-16 06:15:34,2019-07-16 06:15:34,269
270,0.01747080309804539,0.005233064310444255,2019-07-16 06:15:34,2019-07-16 06:15:34,270
271,0.008770034658731404,0.0006103535930808942,2019-07-16 06:15:34,2019-07-16 06:15:34,271
272,0.002059048742597105,1.615331749323479e-05,2019-07-16 06:15:34,2019-07-16 06:15:34,272
273,0.009996454291670055,0.000879880059495871,2019-07-16 06:15:34,2019-07-16 06:15:34,273
274,0.015210882924675557,0.0007885841789109918,2019-07-16 06:15:34,2019-07-16 06:15:34,274
275,0.001965602515922072,2.1163876889790164e-05,2019-07-16 06:15:34,2019-07-16 06:15:34,275
276,0.00844388586017701,0.0002737380519340464,2019-07-16 06:15:34,2019-07-16 06:15:34,276
277,0.0026759163064298376,5.382888736801381e-05,2019-07-16 06:15:34,2019-07-16 06:15:34,277
278,0.006999317680164787,0.00043861268836088187,2019-07-16 06:15:34,2019-07-16 06:15:34,278
279,0.01383121829079384,0.0009466989399335288,2019-07-16 06:15:34,2019-07-16 06:15:34,279
280,0.024266693577874417,0.0019358909807615453,2019-07-16 06:15:34,2019-07-16 06:15:34,280
281,0.009490513287836856,0.000629625010153358,2019-07-16 06:15:34,2019-07-16 06:15:34,281
282,0.0014535185611080114,3.918290880012936e-05,2019-07-16 06:15:34,2019-07-16 06:15:34,282
283,0.002437582326312332,0.0001659801161722126,2019-07-16 06:15:34,2019-07-16 06:15:34,283
284,0.006921416126188101,0.0005072380816003034,2019-07-16 06:15:34,2019-07-16 06:15:34,284
285,0.011228417059180689,0.0009656025167944126,2019-07-16 06:15:34,2019-07-16 06:15:34,285
286,0.020333708561446447,0.0017091303817909937,2019-07-16 06:15:34,2019-07-16 06:15:34,286
287,0.0028033804282045125,5.1555150134401334e-05,2019-07-16 06:15:34,2019-07-16 06:15:34,287
288,0.004215170134442787,6.271947787333795e-05,2019-07-16 06:15:34,2019-07-16 06:15:34,288
289,0.0017287921351865562,9.24421123762366e-05,2019-07-16 06:15:34,2019-07-16 06:15:34,289
290,0.009574566577641686,0.0005598710819792589,2019-07-16 06:15:34,2019-07-16 06:15:34,290
291,0.01248240004444958,0.0008607785960077445,2019-07-16 06:15:34,2019-07-16 06:15:34,291
292,0.014444384737951198,0.0016026357691957657,2019-07-16 06:15:34,2019-07-16 06:15:34,292
293,0.004523805955554421,0.0002247258851463352,2019-07-16 06:15:34,2019-07-16 06:15:34,293
294,0.0074973986328118305,0.0003261380720079597,2019-07-16 06:15:34,2019-07-16 06:15:34,294
295,0.014134338573631918,0.0010846565999810334,2019-07-16 06:15:34,2019-07-16 06:15:34,295
296,0.004742352443379837,0.00015518029512429627,2019-07-16 06:15:34,2019-07-16 06:15:34,296
297,0.014046131557390824,0.0009696572326330167,2019-07-16 06:15:34,2019-07-16 06:15:34,297
298,0.027379184105581603,0.0029016491550241667,2019-07-16 06:15:34,2019-07-16 06:15:34,298
299,0.008345214428723777,0.0005265139982459217,2019-07-16 06:15:34,2019-07-16 06:15:34,299
300,0.00655777490717732,0.0006609734881010952,2019-07-16 06:15:34,2019-07-16 06:15:34,300
301,0.015295279254412531,0.0017381891130447238,2019-07-16 06:15:34,2019-07-16 06:15:34,301
302,0.00047578386344542716,3.7491389837604275e-06,2019-07-16 06:15:34,2019-07-16 06:15:34,302
303,0.006818460966986381,0.0004862491723773301,2019-07-16 06:15:34,2019-07-16 06:15:34,303
304,0.0011514359660389562,7.905217101191428e-06,2019-07-16 06:15:34,2019-07-16 06:15:34,304
305,0.00326878640565073,0.00025814700060953604,2019-07-16 06:15:34,2019-07-16 06:15:34,305
306,0.002608180197361629,5.0415438210988334e-05,2019-07-16 06:15:34,2019-07-16 06:15:34,306
307,0.006729442741870428,0.0004350350306145835,2019-07-16 06:15:34,2019-07-16 06:15:34,307
308,0.007902648280895713,0.0003321629674684878,2019-07-16 06:15:34,2019-07-16 06:15:34,308
309,0.001479625878406941,0.00012917935092075382,2019-07-16 06:15:34,2019-07-16 06:15:34,309
310,0.003956542729445466,0.0002676629919325014,2019-07-16 06:15:34,2019-07-16 06:15:34,310
311,0.0015640331395601465,2.5624633869163413e-05,2019-07-16 06:15:34,2019-07-16 06:15:34,311
312,0.007985922257934161,0.00028800049980723055,2019-07-16 06:15:34,2019-07-16 06:15:34,312
313,0.011458149957162978,0.0008512332420015034,2019-07-16 06:15:34,2019-07-16 06:15:34,313
314,0.0008098240004004411,4.614689108776371e-05,2019-07-16 06:15:34,2019-07-16 06:15:34,314
315,0.005307439344972182,6.541230768588203e-05,2019-07-16 06:15:34,2019-07-16 06:15:34,315
316,0.03206211539373237,0.002024099664626199,2019-07-16 06:15:34,2019-07-16 06:15:34,316
317,0.003379277510184109,7.884784504880295e-05,2019-07-16 06:15:34,2019-07-16 06:15:34,317
318,0.006586426350968305,0.00035271152575470634,2019-07-16 06:15:34,2019-07-16 06:15:34,318
319,0.01382314028370824,0.002170050656047457,2019-07-16 06:15:34,2019-07-16 06:15:34,319
320,0.0014534881129463747,1.7065889226518025e-05,2019-07-16 06:15:34,2019-07-16 06:15:34,320
321,0.016768470537882628,0.0017263379262210143,2019-07-16 06:15:34,2019-07-16 06:15:34,321
322,0.0012171898677622755,8.627718299392717e-06,2019-07-16 06:15:34,2019-07-16 06:15:34,322
323,0.022892959066791195,0.002662450630170235,2019-07-16 06:15:34,2019-07-16 06:15:34,323
324,0.005489256491844419,0.00012631260693319867,2019-07-16 06:15:34,2019-07-16 06:15:34,324
325,0.0035173979101152204,0.00016011062461265515,2019-07-16 06:15:34,2019-07-16 06:15:34,325
326,0.004624470771322749,0.00012599019174376592,2019-07-16 06:15:34,2019-07-16 06:15:34,326
327,0.02302294759312835,0.0014291190415010033,2019-07-16 06:15:34,2019-07-16 06:15:34,327
328,0.0009251395619184824,5.395557782078757e-06,2019-07-16 06:15:34,2019-07-16 06:15:34,328
329,0.008348498673566856,0.00020959793250287028,2019-07-16 06:15:34,2019-07-16 06:15:34,329
330,0.006008173603954324,0.0001866491235224692,2019-07-16 06:15:34,2019-07-16 06:15:34,330
331,0.00239825586354832,8.477854226706229e-05,2019-07-16 06:15:34,2019-07-16 06:15:34,331
332,0.0034643951758341228,0.0006386455907555454,2019-07-16 06:15:34,2019-07-16 06:15:34,332
333,0.013308812931073727,0.0005545050388915886,2019-07-16 06:15:34,2019-07-16 06:15:34,333
334,0.0032973089560505964,3.783906955660172e-05,2019-07-16 06:15:34,2019-07-16 06:15:34,334
335,0.045081957086658485,0.003840515398297717,2019-07-16 06:15:34,2019-07-16 06:15:34,335
336,0.0070014921246699625,0.00045522552627597453,2019-07-16 06:15:34,2019-07-16 06:15:34,336
337,0.024721554587888567,0.002606704968389847,2019-07-16 06:15:34,2019-07-16 06:15:34,337
338,0.007206386908310407,0.00037700572543544205,2019-07-16 06:15:34,2019-07-16 06:15:34,338
339,0.022595574998259347,0.0038224431286063756,2019-07-16 06:15:34,2019-07-16 06:15:34,339
340,0.00975586524754091,0.0009260165780915056,2019-07-16 06:15:34,2019-07-16 06:15:34,340
341,0.016468297769498798,0.002655609653157682,2019-07-16 06:15:34,2019-07-16 06:15:34,341
342,0.0027815492923184896,7.392167058448876e-05,2019-07-16 06:15:34,2019-07-16 06:15:34,342
343,0.001585205932517071,2.6318760859243954e-05,2019-07-16 06:15:34,2019-07-16 06:15:34,343
344,0.004228986317163015,0.00015257302091785933,2019-07-16 06:15:34,2019-07-16 06:15:34,344
345,0.011256084807683213,0.0005629267606372443,2019-07-16 06:15:34,2019-07-16 06:15:34,345
346,0.010808609766094,0.0015528880042281806,2019-07-16 06:15:34,2019-07-16 06:15:34,346
347,0.0018315205596271848,2.577549229614847e-05,2019-07-16 06:15:34,2019-07-16 06:15:34,347
348,0.0018480442373038073,2.337664394158863e-05,2019-07-16 06:15:34,2019-07-16 06:15:34,348
349,0.00038863072119027606,8.149196305197915e-06,2019-07-16 06:15:34,2019-07-16 06:15:34,349
350,0.007989141362528101,0.0016478678641721907,2019-07-16 06:15:34,2019-07-16 06:15:34,350
351,0.0018068554131407692,2.237582754229936e-05,2019-07-16 06:15:34,2019-07-16 06:15:34,351
352,0.018323163459515273,0.001788664348430892,2019-07-16 06:15:34,2019-07-16 06:15:34,352
353,0.012718301077579616,0.0006011390153177333,2019-07-16 06:15:34,2019-07-16 06:15:34,353
354,0.002396604764280969,5.751266737777543e-05,2019-07-16 06:15:34,2019-07-16 06:15:34,354
355,0.00935840248697528,0.0004840041991086216,2019-07-16 06:15:34,2019-07-16 06:15:34,355
356,0.007876857617055895,0.00031861945133519135,2019-07-16 06:15:34,2019-07-16 06:15:34,356
357,0.009286727880069488,0.0005701104540986806,2019-07-16 06:15:34,2019-07-16 06:15:34,357
358,0.008375923306452617,0.00042006089703135,2019-07-16 06:15:34,2019-07-16 06:15:34,358
359,0.01390062915201972,0.0008832359397619771,2019-07-16 06:15:34,2019-07-16 06:15:34,359
360,0.0033039588451863854,5.1651463057230856e-05,2019-07-16 06:15:34,2019-07-16 06:15:34,360
361,0.001834777653033815,7.714978111082568e-05,2019-07-16 06:15:34,2019-07-16 06:15:34,361
362,0.020539382377959742,0.0018475160628434533,2019-07-16 06:15:34,2019-07-16 06:15:34,362
363,0.03358424464043372,0.002591041558471916,2019-07-16 06:15:34,2019-07-16 06:15:34,363
364,0.006288342401175255,0.00031116093658716096,2019-07-16 06:15:34,2019-07-16 06:15:34,364
365,0.0013796310629471719,1.080965728113772e-05,2019-07-16 06:15:34,2019-07-16 06:15:34,365
366,0.004951586709335265,0.00020448405235965004,2019-07-16 06:15:34,2019-07-16 06:15:34,366
367,0.005204878315656462,0.0002422892042679914,2019-07-16 06:15:34,2019-07-16 06:15:34,367
368,0.0012270379886833269,7.509616156835513e-06,2019-07-16 06:15:34,2019-07-16 06:15:34,368
369,0.009508958055531298,0.0010336894513105618,2019-07-16 06:15:34,2019-07-16 06:15:34,369
370,0.020107666776740973,0.0019701436416821056,2019-07-16 06:15:34,2019-07-16 06:15:34,370
371,0.003503493496105868,0.00020452461836325406,2019-07-16 06:15:34,2019-07-16 06:15:34,371
372,0.011730401000937576,0.0006417192159113495,2019-07-16 06:15:34,2019-07-16 06:15:34,372
373,0.003141266197749754,8.952707412189463e-05,2019-07-16 06:15:34,2019-07-16 06:15:34,373
374,0.003332295982108308,0.00023684057032812592,2019-07-16 06:15:34,2019-07-16 06:15:34,374
375,0.005361028683503262,0.0011267961611773187,2019-07-16 06:15:34,2019-07-16 06:15:34,375
376,0.0020793368954536455,2.010491387895748e-05,2019-07-16 06:15:34,2019-07-16 06:15:34,376
377,0.013870718808980319,0.001034051802171098,2019-07-16 06:15:34,2019-07-16 06:15:34,377
378,0.0033172963309359995,4.392956908233552e-05,2019-07-16 06:15:34,2019-07-16 06:15:34,378
379,0.0016096302111858927,2.922228056211922e-05,2019-07-16 06:15:34,2019-07-16 06:15:34,379
380,0.005303436576863812,0.0002924279824101561,2019-07-16 06:15:34,2019-07-16 06:15:34,380
381,0.0024694045937681194,4.295658228395313e-05,2019-07-16 06:15:34,2019-07-16 06:15:34,381
382,0.0006798816315189759,2.2598837537221993e-05,2019-07-16 06:15:34,2019-07-16 06:15:34,382
383,0.0027656408485445256,5.162538984507659e-05,2019-07-16 06:15:34,2019-07-16 06:15:34,383
384,0.012486252795829624,0.0005788579760459954,2019-07-16 06:15:34,2019-07-16 06:15:34,384
