ID_TMatrix_V1_Out,TMatrix_ABS_CRS,TMatrix_SCA_CRS,created_at,updated_at,MLink
1,0.01056770893910522,0.0008153107099652653,2019-07-16 06:07:56,2019-07-16 06:07:56,1
2,0.017594199857624167,0.0014469397147480285,2019-07-16 06:07:56,2019-07-16 06:07:56,2
3,0.0006244920082296413,1.307353972369975e-05,2019-07-16 06:07:56,2019-07-16 06:07:56,3
4,0.002512156428965421,9.089214854843889e-05,2019-07-16 06:07:56,2019-07-16 06:07:56,4
5,0.006558058344169465,0.00022572133955100295,2019-07-16 06:07:56,2019-07-16 06:07:56,5
6,0.014004494431638703,0.0016009788423596515,2019-07-16 06:07:56,2019-07-16 06:07:56,6
7,0.008922708704566434,0.0005538655779525952,2019-07-16 06:07:56,2019-07-16 06:07:56,7
8,0.0014717680182770425,3.629901790398201e-05,2019-07-16 06:07:56,2019-07-16 06:07:56,8
9,0.002838544711182922,0.00010687417105836157,2019-07-16 06:07:56,2019-07-16 06:07:56,9
10,0.001992822164030202,5.241546565812361e-05,2019-07-16 06:07:56,2019-07-16 06:07:56,10
11,0.012862081261285747,0.0023977083015848423,2019-07-16 06:07:56,2019-07-16 06:07:56,11
12,0.0013031798518860869,2.2936306868550717e-05,2019-07-16 06:07:56,2019-07-16 06:07:56,12
13,0.002601057360432966,0.0003781939705733503,2019-07-16 06:07:56,2019-07-16 06:07:56,13
14,0.0038866654041650236,0.00012198331270570926,2019-07-16 06:07:56,2019-07-16 06:07:56,14
15,0.03140083129238501,0.0039881443669630735,2019-07-16 06:07:56,2019-07-16 06:07:56,15
16,0.0008184836661348456,2.6616133135692694e-05,2019-07-16 06:07:56,2019-07-16 06:07:56,16
17,0.007999144570454288,0.0002871280472633896,2019-07-16 06:07:56,2019-07-16 06:07:56,17
18,0.004494327855325642,0.0002449605067097259,2019-07-16 06:07:56,2019-07-16 06:07:56,18
19,0.0009906041716397163,1.2511425325978389e-05,2019-07-16 06:07:56,2019-07-16 06:07:56,19
20,0.006786649692864429,0.0001982440282545673,2019-07-16 06:07:56,2019-07-16 06:07:56,20
21,0.006714115145200993,0.0003360028850316334,2019-07-16 06:07:56,2019-07-16 06:07:56,21
22,0.008439189536619048,0.00032809353516359026,2019-07-16 06:07:56,2019-07-16 06:07:56,22
23,0.008811494738056268,0.00030142407256857827,2019-07-16 06:07:56,2019-07-16 06:07:56,23
24,0.0028927813752667782,5.619293307417648e-05,2019-07-16 06:07:56,2019-07-16 06:07:56,24
25,0.0011715808934937154,2.5977441252701226e-05,2019-07-16 06:07:56,2019-07-16 06:07:56,25
26,0.006065179014754887,0.00037193962237724973,2019-07-16 06:07:56,2019-07-16 06:07:56,26
27,0.001875242939676385,3.812761683931611e-05,2019-07-16 06:07:56,2019-07-16 06:07:56,27
28,0.001544211659376418,2.6982223400172724e-05,2019-07-16 06:07:56,2019-07-16 06:07:56,28
29,0.0015967834737662715,2.4869428448096353e-05,2019-07-16 06:07:56,2019-07-16 06:07:56,29
30,0.0063192312091224735,0.00026122960067585343,2019-07-16 06:07:56,2019-07-16 06:07:56,30
31,0.003182464007148017,0.00011543152296808813,2019-07-16 06:07:56,2019-07-16 06:07:56,31
32,0.007930211848051866,0.00041671714512014636,2019-07-16 06:07:56,2019-07-16 06:07:56,32
33,0.010836843826770415,0.0008072545534116319,2019-07-16 06:07:56,2019-07-16 06:07:56,33
34,0.012089125010938583,0.000627794527503423,2019-07-16 06:07:56,2019-07-16 06:07:56,34
35,0.0019573787803320204,3.079677422400677e-05,2019-07-16 06:07:56,2019-07-16 06:07:56,35
36,0.0011743016654307745,2.7788724451440584e-05,2019-07-16 06:07:56,2019-07-16 06:07:56,36
37,0.004395561871670811,0.00016214737978358378,2019-07-16 06:07:56,2019-07-16 06:07:56,37
38,0.0015280675978249273,6.169640200161853e-05,2019-07-16 06:07:56,2019-07-16 06:07:56,38
39,0.00225450165457599,5.014416720010117e-05,2019-07-16 06:07:56,2019-07-16 06:07:56,39
40,0.006375489165935972,0.00035351662843275777,2019-07-16 06:07:56,2019-07-16 06:07:56,40
41,0.0019228396985265983,3.390379394137304e-05,2019-07-16 06:07:56,2019-07-16 06:07:56,41
42,0.0031185110553317284,6.52615655851712e-05,2019-07-16 06:07:56,2019-07-16 06:07:56,42
43,0.0019333466491328415,6.438304653866092e-05,2019-07-16 06:07:56,2019-07-16 06:07:56,43
44,0.005633102913751612,0.0003140169882567439,2019-07-16 06:07:56,2019-07-16 06:07:56,44
45,0.0012546682845128864,1.6353033325651003e-05,2019-07-16 06:07:56,2019-07-16 06:07:56,45
46,0.008782075959200584,0.00035269701061446814,2019-07-16 06:07:56,2019-07-16 06:07:56,46
47,0.0008520937110535066,1.5527599940565643e-05,2019-07-16 06:07:56,2019-07-16 06:07:56,47
48,0.001500680510145578,0.0001245628828985817,2019-07-16 06:07:56,2019-07-16 06:07:56,48
49,0.0047987885239513485,8.945935098928706e-05,2019-07-16 06:07:56,2019-07-16 06:07:56,49
50,0.0012597055141009808,3.889287639441029e-05,2019-07-16 06:07:56,2019-07-16 06:07:56,50
51,0.002519097001439688,6.857215516094528e-05,2019-07-16 06:07:56,2019-07-16 06:07:56,51
52,0.0021160629167642324,5.061963029456385e-05,2019-07-16 06:07:56,2019-07-16 06:07:56,52
53,0.0007808266194120415,5.403931066101142e-06,2019-07-16 06:07:56,2019-07-16 06:07:56,53
54,0.0015190219502388368,2.4560693483976636e-05,2019-07-16 06:07:56,2019-07-16 06:07:56,54
55,0.0011362890564290877,2.629394033494564e-05,2019-07-16 06:07:56,2019-07-16 06:07:56,55
56,0.0011567598492029797,3.5078204788255695e-05,2019-07-16 06:10:03,2019-07-16 06:10:03,56
57,0.0017379393504862682,5.7392852707567156e-05,2019-07-16 06:10:03,2019-07-16 06:10:03,57
58,0.006103182367185321,0.00011368484973400693,2019-07-16 06:10:03,2019-07-16 06:10:03,58
59,0.0028382554487982785,9.475196718733471e-05,2019-07-16 06:10:03,2019-07-16 06:10:03,59
60,0.0016874107994129188,2.5309919428835957e-05,2019-07-16 06:10:03,2019-07-16 06:10:03,60
61,0.0004461656957922459,5.194699263134277e-06,2019-07-16 06:10:03,2019-07-16 06:10:03,61
62,0.014117925994101546,0.0012234053428019256,2019-07-16 06:10:03,2019-07-16 06:10:03,62
63,0.0043885908025764675,0.00013707349676215873,2019-07-16 06:10:03,2019-07-16 06:10:03,63
64,0.0057290393080011845,0.00015837053785926463,2019-07-16 06:10:03,2019-07-16 06:10:03,64
65,0.004144442217951441,9.284530741379856e-05,2019-07-16 06:10:03,2019-07-16 06:10:03,65
66,0.004077394093462281,0.00013267848469077523,2019-07-16 06:10:03,2019-07-16 06:10:03,66
67,0.0012449678562381614,3.236397560921662e-05,2019-07-16 06:10:03,2019-07-16 06:10:03,67
68,0.0046984066816100544,0.0001766558082059404,2019-07-16 06:10:03,2019-07-16 06:10:03,68
69,0.007385661199482268,0.0002496036833951832,2019-07-16 06:10:03,2019-07-16 06:10:03,69
70,0.0021956567459439844,2.573434699123416e-05,2019-07-16 06:10:03,2019-07-16 06:10:03,70
71,0.02752465677155637,0.0025183332681918227,2019-07-16 06:10:03,2019-07-16 06:10:03,71
72,0.0005687782431215808,1.1774452188357184e-05,2019-07-16 06:10:03,2019-07-16 06:10:03,72
73,0.004519698442478381,8.463256205651762e-05,2019-07-16 06:10:03,2019-07-16 06:10:03,73
74,0.0032858320511624343,6.359056457372091e-05,2019-07-16 06:10:03,2019-07-16 06:10:03,74
75,0.003518652830001273,9.092173111942251e-05,2019-07-16 06:10:03,2019-07-16 06:10:03,75
76,0.0032407435312532345,0.0001348441928650751,2019-07-16 06:10:03,2019-07-16 06:10:03,76
77,0.003057847064596291,0.00010460707076993784,2019-07-16 06:10:03,2019-07-16 06:10:03,77
78,0.005461361324065666,0.0001729082637794181,2019-07-16 06:10:03,2019-07-16 06:10:03,78
79,0.0013456890430436548,1.6386699933964803e-05,2019-07-16 06:10:03,2019-07-16 06:10:03,79
80,0.02060577306327781,0.0018875357300867522,2019-07-16 06:10:03,2019-07-16 06:10:03,80
81,0.00092765822643107,9.000630826545143e-06,2019-07-16 06:10:03,2019-07-16 06:10:03,81
82,0.008348753500816883,0.0005745255162952676,2019-07-16 06:10:03,2019-07-16 06:10:03,82
83,0.010043733945196366,0.0006202260560717963,2019-07-16 06:10:03,2019-07-16 06:10:03,83
84,0.0024685833444758358,6.183501314524973e-05,2019-07-16 06:10:03,2019-07-16 06:10:03,84
85,0.0023192141773590563,4.40010390368372e-05,2019-07-16 06:10:03,2019-07-16 06:10:03,85
86,0.0046338643229367265,0.00016790640127687254,2019-07-16 06:10:03,2019-07-16 06:10:03,86
87,0.01407259449115739,0.0006283816432081254,2019-07-16 06:10:03,2019-07-16 06:10:03,87
88,0.0011603548271183573,1.5896869082258333e-05,2019-07-16 06:10:03,2019-07-16 06:10:03,88
89,0.0008452793700889467,2.50661951090173e-05,2019-07-16 06:10:03,2019-07-16 06:10:03,89
90,0.0010151830649050317,7.730032009201618e-06,2019-07-16 06:10:03,2019-07-16 06:10:03,90
91,0.0005794505678955734,8.104180216958651e-06,2019-07-16 06:10:03,2019-07-16 06:10:03,91
92,0.0020551433679522756,4.620855955101074e-05,2019-07-16 06:10:03,2019-07-16 06:10:03,92
93,0.008678389826976076,0.0006313201586217755,2019-07-16 06:10:03,2019-07-16 06:10:03,93
94,0.0036534613942995715,0.00013313521631919676,2019-07-16 06:10:03,2019-07-16 06:10:03,94
95,0.0014866941661250297,3.154710686878428e-05,2019-07-16 06:10:03,2019-07-16 06:10:03,95
96,0.011244982948582078,0.0008548724787353342,2019-07-16 06:10:03,2019-07-16 06:10:03,96
97,0.002451645994384524,5.471849381515347e-05,2019-07-16 06:10:03,2019-07-16 06:10:03,97
98,0.0011583298312946263,1.6739971909151423e-05,2019-07-16 06:10:03,2019-07-16 06:10:03,98
99,0.00292927080436743,8.517594519028284e-05,2019-07-16 06:10:03,2019-07-16 06:10:03,99
100,0.0011895844626269717,2.139452714569853e-05,2019-07-16 06:10:03,2019-07-16 06:10:03,100
101,0.0013650169547804497,2.8148388062006742e-05,2019-07-16 06:10:03,2019-07-16 06:10:03,101
102,0.0075232167964264405,0.0002520922569017728,2019-07-16 06:10:03,2019-07-16 06:10:03,102
103,0.0013202953427435995,1.552568448014014e-05,2019-07-16 06:10:03,2019-07-16 06:10:03,103
104,0.0009464127306803582,2.93853148788943e-05,2019-07-16 06:10:03,2019-07-16 06:10:03,104
105,0.0024569851008702575,1.6663141212375177e-05,2019-07-16 06:10:03,2019-07-16 06:10:03,105
106,0.002827658090625794,6.436364129761479e-05,2019-07-16 06:10:03,2019-07-16 06:10:03,106
107,0.005651762263609323,0.00027467943164160316,2019-07-16 06:10:03,2019-07-16 06:10:03,107
108,0.0034062768528982704,9.785404409731849e-05,2019-07-16 06:10:03,2019-07-16 06:10:03,108
109,0.006415247333419914,0.00016332164135596328,2019-07-16 06:10:03,2019-07-16 06:10:03,109
110,0.006215664103995698,0.0002892151522524725,2019-07-16 06:10:03,2019-07-16 06:10:03,110
111,0.007195728032007838,0.00035170449451828184,2019-07-16 06:10:03,2019-07-16 06:10:03,111
112,0.0014866224543204217,2.6988522952217886e-05,2019-07-16 06:10:03,2019-07-16 06:10:03,112
113,0.007375853907308499,0.00031422729358735233,2019-07-16 06:10:03,2019-07-16 06:10:03,113
114,0.008861843327028298,0.0003512969891858411,2019-07-16 06:10:03,2019-07-16 06:10:03,114
115,0.002204520930487863,5.259551959404405e-05,2019-07-16 06:10:03,2019-07-16 06:10:03,115
116,0.004812811901769857,0.00024600394565053613,2019-07-16 06:10:03,2019-07-16 06:10:03,116
117,0.010505042797171757,0.0006546281555708889,2019-07-16 06:10:03,2019-07-16 06:10:03,117
118,0.014969891637717867,0.0013245156651657476,2019-07-16 06:10:03,2019-07-16 06:10:03,118
119,0.0066782424134928,0.0010037441959974774,2019-07-16 06:10:03,2019-07-16 06:10:03,119
120,0.0038358563599505415,0.0001751557110263381,2019-07-16 06:10:03,2019-07-16 06:10:03,120
121,0.0037497847040022935,9.192627881063254e-05,2019-07-16 06:10:03,2019-07-16 06:10:03,121
122,0.030027544146615234,0.003748758016992225,2019-07-16 06:10:03,2019-07-16 06:10:03,122
123,0.0016870874218674003,3.369947657879038e-05,2019-07-16 06:10:03,2019-07-16 06:10:03,123
124,0.0005008609292702971,7.068203505774871e-06,2019-07-16 06:10:03,2019-07-16 06:10:03,124
125,0.00993600626796958,0.000469804898148614,2019-07-16 06:10:03,2019-07-16 06:10:03,125
126,0.014788053254955877,0.0007816268180088417,2019-07-16 06:10:03,2019-07-16 06:10:03,126
127,0.004951747883860133,0.0001387404260643697,2019-07-16 06:10:03,2019-07-16 06:10:03,127
128,0.003576806575392264,5.732734536245131e-05,2019-07-16 06:10:03,2019-07-16 06:10:03,128
129,0.004942926344963544,0.00018389545509723724,2019-07-16 06:12:28,2019-07-16 06:12:28,129
130,0.0014994851245291108,2.578571385602846e-05,2019-07-16 06:12:28,2019-07-16 06:12:28,130
131,0.0021839396323570354,5.277298403685444e-05,2019-07-16 06:12:28,2019-07-16 06:12:28,131
132,0.009578573920203006,0.0006747240336788943,2019-07-16 06:12:28,2019-07-16 06:12:28,132
133,0.004746158507825473,8.267756120931714e-05,2019-07-16 06:12:28,2019-07-16 06:12:28,133
134,0.010947658996214,0.0004790202574641214,2019-07-16 06:12:28,2019-07-16 06:12:28,134
135,0.0012963998431187484,3.2131187441090936e-05,2019-07-16 06:12:28,2019-07-16 06:12:28,135
136,0.0006791480479145555,4.999484189909176e-06,2019-07-16 06:12:28,2019-07-16 06:12:28,136
137,0.010504618530366218,0.0005534132315721779,2019-07-16 06:12:28,2019-07-16 06:12:28,137
138,0.011269681449699078,0.0009280487493206484,2019-07-16 06:12:28,2019-07-16 06:12:28,138
139,0.005898697771492227,0.00021035611401541674,2019-07-16 06:12:28,2019-07-16 06:12:28,139
140,0.0049861322660417345,0.0001290695055035141,2019-07-16 06:12:28,2019-07-16 06:12:28,140
141,0.001465877594442445,3.600512014630653e-05,2019-07-16 06:12:28,2019-07-16 06:12:28,141
142,0.00153066331299666,2.2217645929379683e-05,2019-07-16 06:12:28,2019-07-16 06:12:28,142
143,0.006463650832228824,0.0002569871913782122,2019-07-16 06:12:28,2019-07-16 06:12:28,143
144,0.005204135538256205,0.00027693920598105104,2019-07-16 06:12:28,2019-07-16 06:12:28,144
145,0.004085723751123829,0.0001715429046572,2019-07-16 06:12:28,2019-07-16 06:12:28,145
146,0.012008602825733829,0.0013095244495503683,2019-07-16 06:12:28,2019-07-16 06:12:28,146
147,0.0014339292743340718,2.30773710791308e-05,2019-07-16 06:12:28,2019-07-16 06:12:28,147
148,0.002149303136606615,6.023506574999554e-05,2019-07-16 06:12:28,2019-07-16 06:12:28,148
149,0.0010923019622966646,1.342034013591873e-05,2019-07-16 06:12:28,2019-07-16 06:12:28,149
150,0.00713519003338204,0.00026135020396158214,2019-07-16 06:12:28,2019-07-16 06:12:28,150
151,0.003406139410374573,0.0001088153598755984,2019-07-16 06:12:28,2019-07-16 06:12:28,151
152,0.007171996170126239,0.0001614030448182446,2019-07-16 06:12:28,2019-07-16 06:12:28,152
153,0.004656614417006673,0.0001760856009919325,2019-07-16 06:12:28,2019-07-16 06:12:28,153
154,0.005182576255428194,0.00013692861966124698,2019-07-16 06:12:28,2019-07-16 06:12:28,154
155,0.005536825650224125,0.00014039630352450554,2019-07-16 06:12:28,2019-07-16 06:12:28,155
156,0.0027065945502136295,0.00011359794656572728,2019-07-16 06:12:28,2019-07-16 06:12:28,156
157,0.0062068907239280924,0.0005315136298283883,2019-07-16 06:12:28,2019-07-16 06:12:28,157
158,0.0023765573989971076,6.440237902642355e-05,2019-07-16 06:12:28,2019-07-16 06:12:28,158
159,0.0025057780580889184,3.9372454573547087e-05,2019-07-16 06:12:28,2019-07-16 06:12:28,159
160,0.005667294115866769,0.0002242649850603273,2019-07-16 06:12:28,2019-07-16 06:12:28,160
161,0.008052285268725277,0.0009339283123105222,2019-07-16 06:12:28,2019-07-16 06:12:28,161
162,0.013043153094468742,0.000832303564903031,2019-07-16 06:12:28,2019-07-16 06:12:28,162
163,0.0031367548492649182,7.216345957927312e-05,2019-07-16 06:12:28,2019-07-16 06:12:28,163
164,0.004172603258848962,0.00015429916232492295,2019-07-16 06:12:28,2019-07-16 06:12:28,164
165,0.005696546861167286,0.00023123629588073843,2019-07-16 06:12:28,2019-07-16 06:12:28,165
166,0.004046809396798446,0.00012822071051983222,2019-07-16 06:12:28,2019-07-16 06:12:28,166
167,0.003758015747584212,9.279743805038495e-05,2019-07-16 06:12:28,2019-07-16 06:12:28,167
168,0.00430553482181231,6.648057699428587e-05,2019-07-16 06:12:28,2019-07-16 06:12:28,168
169,0.000748437170972069,1.6531405849418168e-05,2019-07-16 06:12:28,2019-07-16 06:12:28,169
170,0.006125600017604614,0.00036948064365416024,2019-07-16 06:12:28,2019-07-16 06:12:28,170
171,0.0029624393667148836,0.00012120124791960765,2019-07-16 06:12:28,2019-07-16 06:12:28,171
172,0.002605647453751195,6.886244297207732e-05,2019-07-16 06:12:28,2019-07-16 06:12:28,172
173,0.005938026182388567,0.00021750796339904582,2019-07-16 06:12:28,2019-07-16 06:12:28,173
174,0.011266341092760538,0.0006169599849533819,2019-07-16 06:12:28,2019-07-16 06:12:28,174
175,0.0029874215067781937,4.523015367589042e-05,2019-07-16 06:12:28,2019-07-16 06:12:28,175
176,0.009715340556327685,0.00029996940296312383,2019-07-16 06:12:28,2019-07-16 06:12:28,176
177,0.0029533130328735927,0.00015855899913944107,2019-07-16 06:12:28,2019-07-16 06:12:28,177
178,0.003326047242754305,7.626777586852448e-05,2019-07-16 06:12:28,2019-07-16 06:12:28,178
179,0.0010109022263761125,1.6501452046734003e-05,2019-07-16 06:12:28,2019-07-16 06:12:28,179
180,0.005945833859289334,0.00020802959680518777,2019-07-16 06:12:28,2019-07-16 06:12:28,180
181,0.01614281721424166,0.0011619448476739129,2019-07-16 06:12:28,2019-07-16 06:12:28,181
182,0.018640583352652347,0.0015765296216819547,2019-07-16 06:12:28,2019-07-16 06:12:28,182
183,0.0037771977091204155,0.00010269926363632223,2019-07-16 06:12:28,2019-07-16 06:12:28,183
184,0.002073358236132705,3.456763184711299e-05,2019-07-16 06:12:28,2019-07-16 06:12:28,184
185,0.0021368158787559576,6.830131210793201e-05,2019-07-16 06:12:28,2019-07-16 06:12:28,185
186,0.005985011622045099,0.0003375188767996625,2019-07-16 06:12:28,2019-07-16 06:12:28,186
187,0.0011956297085666998,1.5310187998450707e-05,2019-07-16 06:12:28,2019-07-16 06:12:28,187
188,0.0027754016914754705,5.9106956881575786e-05,2019-07-16 06:12:28,2019-07-16 06:12:28,188
189,0.0008047493717272383,8.17572753370708e-06,2019-07-16 06:12:28,2019-07-16 06:12:28,189
190,0.005389820485719645,0.0002033569129150077,2019-07-16 06:12:28,2019-07-16 06:12:28,190
191,0.004615248459071666,0.00014382219141922907,2019-07-16 06:12:28,2019-07-16 06:12:28,191
192,0.0021306223953717306,3.1038610790259e-05,2019-07-16 06:12:28,2019-07-16 06:12:28,192
193,0.005525366924025681,0.00023610531380092631,2019-07-16 06:12:28,2019-07-16 06:12:28,193
194,0.0007280638631033251,7.48931818486385e-06,2019-07-16 06:12:28,2019-07-16 06:12:28,194
195,0.00076269802106744,1.4800579376859859e-05,2019-07-16 06:12:28,2019-07-16 06:12:28,195
196,0.01307635555433636,0.0008161935813996747,2019-07-16 06:12:28,2019-07-16 06:12:28,196
197,0.01390145640684426,0.0009422468942130219,2019-07-16 06:12:28,2019-07-16 06:12:28,197
198,0.006134926533309704,0.0003435763028623864,2019-07-16 06:12:28,2019-07-16 06:12:28,198
199,0.003581727610502896,6.187902377530372e-05,2019-07-16 06:12:28,2019-07-16 06:12:28,199
200,0.006650876242470669,0.000192421767385001,2019-07-16 06:12:28,2019-07-16 06:12:28,200
201,0.0012460351732172068,3.81989506405951e-05,2019-07-16 06:12:28,2019-07-16 06:12:28,201
202,0.0032451772824981327,8.651818764949956e-05,2019-07-16 06:12:28,2019-07-16 06:12:28,202
203,0.0013152836087806958,1.663621570224844e-05,2019-07-16 06:12:28,2019-07-16 06:12:28,203
204,0.0019885023790566078,5.590479318474943e-05,2019-07-16 06:12:28,2019-07-16 06:12:28,204
205,0.005793333840021442,0.00029787135239966295,2019-07-16 06:12:28,2019-07-16 06:12:28,205
206,0.0027155291284110218,6.516232190347763e-05,2019-07-16 06:12:28,2019-07-16 06:12:28,206
207,0.0020581774712065447,3.63810117599111e-05,2019-07-16 06:12:28,2019-07-16 06:12:28,207
208,0.006105823599707268,0.00027977062253683544,2019-07-16 06:12:28,2019-07-16 06:12:28,208
209,0.0027689559579965,4.691965215205599e-05,2019-07-16 06:12:28,2019-07-16 06:12:28,209
210,0.0024316823454789646,5.345750658438402e-05,2019-07-16 06:12:28,2019-07-16 06:12:28,210
211,0.002597813327121326,8.168458845291846e-05,2019-07-16 06:12:28,2019-07-16 06:12:28,211
212,0.010175677756347456,0.00043023029620021223,2019-07-16 06:12:28,2019-07-16 06:12:28,212
213,0.003190387697519234,0.00023695382160148374,2019-07-16 06:12:28,2019-07-16 06:12:28,213
214,0.002227981622563326,5.151734118064294e-05,2019-07-16 06:20:38,2019-07-16 06:20:38,214
215,0.009982810847877763,0.00038950318534759933,2019-07-16 06:20:38,2019-07-16 06:20:38,215
216,0.012921163382337578,0.0006796216645677955,2019-07-16 06:20:38,2019-07-16 06:20:38,216
217,0.023700531455294948,0.0018496714390639339,2019-07-16 06:20:38,2019-07-16 06:20:38,217
218,0.014246372586435642,0.0011124341851634593,2019-07-16 06:20:38,2019-07-16 06:20:38,218
219,0.004710617841413593,0.00024215346154068569,2019-07-16 06:20:38,2019-07-16 06:20:38,219
220,0.0023712029396585413,4.806054512931517e-05,2019-07-16 06:20:38,2019-07-16 06:20:38,220
221,0.0042025504956146,0.000227538791236832,2019-07-16 06:20:38,2019-07-16 06:20:38,221
222,0.0028441660227439677,6.166278367633022e-05,2019-07-16 06:20:38,2019-07-16 06:20:38,222
223,0.0007413854147276757,4.2910954671265984e-05,2019-07-16 06:20:38,2019-07-16 06:20:38,223
224,0.005781947393717782,0.00019256419745473572,2019-07-16 06:20:38,2019-07-16 06:20:38,224
225,0.005416544669274905,0.00010715191965709016,2019-07-16 06:20:38,2019-07-16 06:20:38,225
226,0.0030415666458445604,7.756526661836833e-05,2019-07-16 06:20:38,2019-07-16 06:20:38,226
227,0.0054506310822842255,0.00010019664811894789,2019-07-16 06:20:38,2019-07-16 06:20:38,227
228,0.010777454742303672,0.0010424330231972013,2019-07-16 06:20:38,2019-07-16 06:20:38,228
229,0.006492272173389461,0.00015209133854469424,2019-07-16 06:20:38,2019-07-16 06:20:38,229
230,0.004940586267362968,0.00016449506434319862,2019-07-16 06:20:38,2019-07-16 06:20:38,230
231,0.009139638694215427,0.00042788647108374026,2019-07-16 06:20:38,2019-07-16 06:20:38,231
232,0.0028434386099609054,8.686774208152343e-05,2019-07-16 06:20:38,2019-07-16 06:20:38,232
233,0.002079122224436074,5.8808336072063174e-05,2019-07-16 06:20:38,2019-07-16 06:20:38,233
234,0.02022100920681122,0.0015848469835457624,2019-07-16 06:20:38,2019-07-16 06:20:38,234
235,0.007106845911859923,0.00037417918400102507,2019-07-16 06:20:38,2019-07-16 06:20:38,235
236,0.006215296029948074,0.00042323523968454147,2019-07-16 06:20:38,2019-07-16 06:20:38,236
237,0.010303803586750555,0.0007738993989852819,2019-07-16 06:20:38,2019-07-16 06:20:38,237
238,0.0023276808134676777,8.523166800046153e-05,2019-07-16 06:20:38,2019-07-16 06:20:38,238
239,0.0014975775356575838,4.1756260422411186e-05,2019-07-16 06:20:38,2019-07-16 06:20:38,239
240,0.010753130626007957,0.0007168082872831363,2019-07-16 06:20:38,2019-07-16 06:20:38,240
241,0.002868489650527347,0.00010195904227219745,2019-07-16 06:20:38,2019-07-16 06:20:38,241
242,0.004531804748324507,0.00014906847154744487,2019-07-16 06:20:38,2019-07-16 06:20:38,242
243,0.002537955431790442,5.9278652319162354e-05,2019-07-16 06:20:38,2019-07-16 06:20:38,243
244,0.012876879723722198,0.0011086187284289977,2019-07-16 06:20:38,2019-07-16 06:20:38,244
245,0.04000071840297274,0.0028049130090413337,2019-07-16 06:20:38,2019-07-16 06:20:38,245
246,0.0010467499808350634,5.640150454132079e-05,2019-07-16 06:20:38,2019-07-16 06:20:38,246
247,0.0030814890060226114,0.00016373106910503292,2019-07-16 06:20:38,2019-07-16 06:20:38,247
248,0.019900406711931478,0.0020063443270647006,2019-07-16 06:20:38,2019-07-16 06:20:38,248
249,0.0026032567589491192,0.00034361866346520965,2019-07-16 06:20:38,2019-07-16 06:20:38,249
250,0.01677706816802889,0.0013747632373477402,2019-07-16 06:20:38,2019-07-16 06:20:38,250
251,0.021923038763875257,0.002613449062143661,2019-07-16 06:20:38,2019-07-16 06:20:38,251
252,0.015226863023889817,0.0005202803032019607,2019-07-16 06:20:38,2019-07-16 06:20:38,252
253,0.0022784933889187496,3.131346020392922e-05,2019-07-16 06:20:38,2019-07-16 06:20:38,253
254,0.002494535858580863,4.385321872867644e-05,2019-07-16 06:20:38,2019-07-16 06:20:38,254
255,0.00391351915713604,7.755267149462127e-05,2019-07-16 06:20:38,2019-07-16 06:20:38,255
256,0.007309562071657007,0.00035455267299015395,2019-07-16 06:20:38,2019-07-16 06:20:38,256
257,0.0463955853146175,0.0077634200122663,2019-07-16 06:20:38,2019-07-16 06:20:38,257
258,0.00718259686112143,0.00029541273395675133,2019-07-16 06:20:38,2019-07-16 06:20:38,258
259,0.006428818213710337,0.00041435532378997453,2019-07-16 06:20:38,2019-07-16 06:20:38,259
260,0.02329093739644668,0.001476324995620743,2019-07-16 06:20:38,2019-07-16 06:20:38,260
261,0.005524549735392596,0.0002620727861179345,2019-07-16 06:20:38,2019-07-16 06:20:38,261
262,0.002653535952437146,7.251742502461848e-05,2019-07-16 06:20:38,2019-07-16 06:20:38,262
263,0.002532426038250585,0.00026154917483372283,2019-07-16 06:20:38,2019-07-16 06:20:38,263
264,0.010650866166484443,0.0006768198564427679,2019-07-16 06:20:38,2019-07-16 06:20:38,264
265,0.001778777796841037,1.9590690808805833e-05,2019-07-16 06:20:38,2019-07-16 06:20:38,265
266,0.015581271375652204,0.0012112939522579697,2019-07-16 06:20:38,2019-07-16 06:20:38,266
267,0.016088966110562215,0.001429530551067501,2019-07-16 06:20:38,2019-07-16 06:20:38,267
268,0.01923066058784528,0.0009374034677501127,2019-07-16 06:20:38,2019-07-16 06:20:38,268
269,0.008718909947040079,0.00046423681543638734,2019-07-16 06:20:38,2019-07-16 06:20:38,269
270,0.022565695391703052,0.0060577826384531725,2019-07-16 06:20:38,2019-07-16 06:20:38,270
271,0.01010041410898154,0.000666242667655292,2019-07-16 06:20:38,2019-07-16 06:20:38,271
272,0.0021270852673944273,2.3994873351280104e-05,2019-07-16 06:20:38,2019-07-16 06:20:38,272
273,0.011421832850812228,0.0010197205178964068,2019-07-16 06:20:38,2019-07-16 06:20:38,273
274,0.01604177933096984,0.0007154278636743836,2019-07-16 06:20:38,2019-07-16 06:20:38,274
275,0.0019989570628448925,2.21777088939014e-05,2019-07-16 06:20:38,2019-07-16 06:20:38,275
276,0.00876400127226972,0.0002634214390989145,2019-07-16 06:20:38,2019-07-16 06:20:38,276
277,0.0028794859666726926,6.48366027088937e-05,2019-07-16 06:20:38,2019-07-16 06:20:38,277
278,0.008079486303711969,0.00046125129520059214,2019-07-16 06:20:38,2019-07-16 06:20:38,278
279,0.015826181818246014,0.000981432294162152,2019-07-16 06:20:38,2019-07-16 06:20:38,279
280,0.026304222442100955,0.0019319249516864879,2019-07-16 06:20:38,2019-07-16 06:20:38,280
281,0.00979518877225825,0.0006454911308163327,2019-07-16 06:20:38,2019-07-16 06:20:38,281
282,0.0016360126934601464,4.986202891870656e-05,2019-07-16 06:20:38,2019-07-16 06:20:38,282
283,0.0027739470163177056,0.00021975545123448657,2019-07-16 06:20:38,2019-07-16 06:20:38,283
284,0.007778827300991307,0.0005540916535682694,2019-07-16 06:20:38,2019-07-16 06:20:38,284
285,0.013106299906128634,0.0013105983895233353,2019-07-16 06:20:38,2019-07-16 06:20:38,285
286,0.022240381025189895,0.0016684803240474058,2019-07-16 06:20:38,2019-07-16 06:20:38,286
287,0.0029488521458002057,5.436328531124223e-05,2019-07-16 06:20:38,2019-07-16 06:20:38,287
288,0.004318379255881848,7.869517587830932e-05,2019-07-16 06:20:38,2019-07-16 06:20:38,288
289,0.0018510879809506067,0.00011451290323222185,2019-07-16 06:20:38,2019-07-16 06:20:38,289
290,0.01041195431216676,0.0006129064753007339,2019-07-16 06:20:38,2019-07-16 06:20:38,290
291,0.013386284064962069,0.0008310583926846601,2019-07-16 06:20:38,2019-07-16 06:20:38,291
292,0.01578594164596103,0.001824489275748821,2019-07-16 06:20:38,2019-07-16 06:20:38,292
293,0.0048756568494092226,0.0002569178227212088,2019-07-16 06:20:38,2019-07-16 06:20:38,293
294,0.008439000294563676,0.00036227924484920923,2019-07-16 06:20:38,2019-07-16 06:20:38,294
295,0.015478170403773474,0.001158789911245953,2019-07-16 06:20:38,2019-07-16 06:20:38,295
296,0.004998141460299868,0.0001917822148637343,2019-07-16 06:20:38,2019-07-16 06:20:38,296
297,0.015318940728379228,0.0010945254267074793,2019-07-16 06:20:38,2019-07-16 06:20:38,297
298,0.030821938308412546,0.002744650392112809,2019-07-16 06:20:38,2019-07-16 06:20:38,298
299,0.009434371664518389,0.0005573315795938262,2019-07-16 06:20:38,2019-07-16 06:20:38,299
300,0.007862592482551544,0.0007499263446048799,2019-07-16 06:20:38,2019-07-16 06:20:38,300
301,0.017944348454289168,0.0019495388675188374,2019-07-16 06:20:38,2019-07-16 06:20:38,301
302,0.000571089211591618,6.594499067539347e-06,2019-07-16 06:20:38,2019-07-16 06:20:38,302
303,0.00805000441586115,0.0005283785473598657,2019-07-16 06:20:38,2019-07-16 06:20:38,303
304,0.0012009118324283817,1.3712559925370435e-05,2019-07-16 06:20:38,2019-07-16 06:20:38,304
305,0.0037024332330270766,0.0003060733280714635,2019-07-16 06:20:38,2019-07-16 06:20:38,305
306,0.002799539881034012,6.816316495960159e-05,2019-07-16 06:20:38,2019-07-16 06:20:38,306
307,0.00787937146029252,0.0005343715699923198,2019-07-16 06:20:38,2019-07-16 06:20:38,307
308,0.008611181835636583,0.0003750369053570442,2019-07-16 06:20:38,2019-07-16 06:20:38,308
309,0.0017837454354333352,0.00020019696815612429,2019-07-16 06:20:38,2019-07-16 06:20:38,309
310,0.004575962529415425,0.0003208999511893899,2019-07-16 06:20:38,2019-07-16 06:20:38,310
311,0.001756793811238402,3.577653350481741e-05,2019-07-16 06:20:38,2019-07-16 06:20:38,311
312,0.008559132590866486,0.00030743236899913984,2019-07-16 06:20:38,2019-07-16 06:20:38,312
313,0.012546690382091174,0.0008919161408705644,2019-07-16 06:20:38,2019-07-16 06:20:38,313
314,0.0008618802404489018,5.7647191748574015e-05,2019-07-16 06:20:38,2019-07-16 06:20:38,314
315,0.005417954779707447,8.262601322653242e-05,2019-07-16 06:20:38,2019-07-16 06:20:38,315
316,0.03158966723274247,0.0018496866026818215,2019-07-16 06:20:38,2019-07-16 06:20:38,316
317,0.0036730188924247904,9.433919293417868e-05,2019-07-16 06:20:38,2019-07-16 06:20:38,317
318,0.007025017467463482,0.00034697943213713134,2019-07-16 06:20:38,2019-07-16 06:20:38,318
319,0.016878034885933136,0.0025895542949845346,2019-07-16 06:20:38,2019-07-16 06:20:38,319
320,0.0016384722978650802,2.7457970258569213e-05,2019-07-16 06:20:38,2019-07-16 06:20:38,320
321,0.018891445327890874,0.0017568045710824763,2019-07-16 06:20:38,2019-07-16 06:20:38,321
322,0.0013528887737551327,1.4853497607468387e-05,2019-07-16 06:20:38,2019-07-16 06:20:38,322
323,0.0279229633927764,0.002732438561870297,2019-07-16 06:20:38,2019-07-16 06:20:38,323
324,0.005794079722387926,0.00015697423479045186,2019-07-16 06:20:38,2019-07-16 06:20:38,324
325,0.004193856518163777,0.00020723051083602981,2019-07-16 06:20:38,2019-07-16 06:20:38,325
326,0.004913468370889236,0.00014119962347676875,2019-07-16 06:20:38,2019-07-16 06:20:38,326
327,0.022976139091606108,0.0012422607346241775,2019-07-16 06:20:38,2019-07-16 06:20:38,327
328,0.0009506006291000663,7.832343198632711e-06,2019-07-16 06:20:38,2019-07-16 06:20:38,328
329,0.008443714083832902,0.00022678956366700942,2019-07-16 06:20:38,2019-07-16 06:20:38,329
330,0.0066184286088886435,0.0002315406692959938,2019-07-16 06:20:38,2019-07-16 06:20:38,330
331,0.0027208573539646667,0.00010014794986990407,2019-07-16 06:20:38,2019-07-16 06:20:38,331
332,0.003880686186748453,0.0006478999019478023,2019-07-16 06:20:38,2019-07-16 06:20:38,332
333,0.013648227564613492,0.0006941719752483442,2019-07-16 06:20:38,2019-07-16 06:20:38,333
334,0.0033024473317543645,4.1977938703886555e-05,2019-07-16 06:20:38,2019-07-16 06:20:38,334
335,0.0433258356482985,0.0030366949121244614,2019-07-16 06:20:38,2019-07-16 06:20:38,335
336,0.008398094113122551,0.0006586129207744275,2019-07-16 06:20:38,2019-07-16 06:20:38,336
337,0.026630569054489673,0.002446264984642318,2019-07-16 06:20:38,2019-07-16 06:20:38,337
338,0.008488661007771767,0.0004755266689956259,2019-07-16 06:20:38,2019-07-16 06:20:38,338
339,0.025029164033415256,0.00392138155319862,2019-07-16 06:20:38,2019-07-16 06:20:38,339
340,0.011156155753226933,0.0009917957614433448,2019-07-16 06:20:38,2019-07-16 06:20:38,340
341,0.020323329292336552,0.0029561071268748994,2019-07-16 06:20:38,2019-07-16 06:20:38,341
342,0.003059265640261766,9.14163194538951e-05,2019-07-16 06:20:38,2019-07-16 06:20:38,342
343,0.0017621999571822207,3.626169800363766e-05,2019-07-16 06:20:38,2019-07-16 06:20:38,343
344,0.004528679679855203,0.00018589191757522708,2019-07-16 06:20:38,2019-07-16 06:20:38,344
345,0.012246801101806714,0.0005625514342222115,2019-07-16 06:20:38,2019-07-16 06:20:38,345
346,0.012913701592681773,0.0016054035309606128,2019-07-16 06:20:38,2019-07-16 06:20:38,346
347,0.0019471905955541077,2.8424773591216938e-05,2019-07-16 06:20:38,2019-07-16 06:20:38,347
348,0.0019569424649352797,2.6701277134295758e-05,2019-07-16 06:20:38,2019-07-16 06:20:38,348
349,0.0004536324122432931,1.24654756285246e-05,2019-07-16 06:20:38,2019-07-16 06:20:38,349
350,0.01003749788886505,0.0019182018991773903,2019-07-16 06:20:38,2019-07-16 06:20:38,350
351,0.002017691855377595,3.849564641046194e-05,2019-07-16 06:20:38,2019-07-16 06:20:38,351
352,0.019157435831044862,0.0017498968633273236,2019-07-16 06:20:38,2019-07-16 06:20:38,352
353,0.013263208477793345,0.000552992022199597,2019-07-16 06:20:38,2019-07-16 06:20:38,353
354,0.00266572480158269,6.406419361777312e-05,2019-07-16 06:20:38,2019-07-16 06:20:38,354
355,0.010069441982532493,0.00046003699617485136,2019-07-16 06:20:38,2019-07-16 06:20:38,355
356,0.00882816664950491,0.00034374975431533954,2019-07-16 06:20:38,2019-07-16 06:20:38,356
357,0.010968513283974043,0.0007935540084231822,2019-07-16 06:20:38,2019-07-16 06:20:38,357
358,0.009567394112691337,0.00044681373645533715,2019-07-16 06:20:38,2019-07-16 06:20:38,358
359,0.014750940954725582,0.0009390820953303213,2019-07-16 06:20:38,2019-07-16 06:20:38,359
360,0.0034435810119032486,5.3721023449720955e-05,2019-07-16 06:20:38,2019-07-16 06:20:38,360
361,0.0020896157783858445,9.882466067743987e-05,2019-07-16 06:20:38,2019-07-16 06:20:38,361
362,0.021335962836862038,0.0016721743562555379,2019-07-16 06:20:38,2019-07-16 06:20:38,362
363,0.03298156347604506,0.002389465795602446,2019-07-16 06:20:38,2019-07-16 06:20:38,363
364,0.006623153156895198,0.0003348235920260717,2019-07-16 06:20:38,2019-07-16 06:20:38,364
365,0.001478978159806334,1.921690115429755e-05,2019-07-16 06:20:38,2019-07-16 06:20:38,365
366,0.005632376510036313,0.00022870852090031522,2019-07-16 06:20:38,2019-07-16 06:20:38,366
367,0.0058895446998440395,0.00029928916029712806,2019-07-16 06:20:38,2019-07-16 06:20:38,367
368,0.0013048551113776599,1.1646670364356326e-05,2019-07-16 06:20:38,2019-07-16 06:20:38,368
369,0.011342413917791363,0.001173116666798817,2019-07-16 06:20:38,2019-07-16 06:20:38,369
370,0.022625947560670847,0.001964799209442742,2019-07-16 06:20:38,2019-07-16 06:20:38,370
371,0.003954064389154062,0.00021060381903597233,2019-07-16 06:20:38,2019-07-16 06:20:38,371
372,0.01285943428738057,0.000787810989144832,2019-07-16 06:20:38,2019-07-16 06:20:38,372
373,0.0034542274310587723,0.00012405645775017665,2019-07-16 06:20:38,2019-07-16 06:20:38,373
374,0.0038611321983486376,0.00030399896546853486,2019-07-16 06:20:38,2019-07-16 06:20:38,374
375,0.006651304568441483,0.0012778461452885976,2019-07-16 06:20:38,2019-07-16 06:20:38,375
376,0.0021203121005044906,2.7997202495663022e-05,2019-07-16 06:20:38,2019-07-16 06:20:38,376
377,0.01524639933527918,0.0011230996716500507,2019-07-16 06:20:38,2019-07-16 06:20:38,377
378,0.0034109671081962306,4.566391017441392e-05,2019-07-16 06:20:38,2019-07-16 06:20:38,378
379,0.0017866129066529907,3.864638170002171e-05,2019-07-16 06:20:38,2019-07-16 06:20:38,379
380,0.005961560941370842,0.0003723888910136479,2019-07-16 06:20:38,2019-07-16 06:20:38,380
381,0.002624849084060357,4.915520442156318e-05,2019-07-16 06:20:38,2019-07-16 06:20:38,381
382,0.0008357241744922236,3.242945879077277e-05,2019-07-16 06:20:38,2019-07-16 06:20:38,382
383,0.003049313144576729,6.37609083412061e-05,2019-07-16 06:20:38,2019-07-16 06:20:38,383
384,0.013269037646765678,0.0006490039450906532,2019-07-16 06:20:38,2019-07-16 06:20:38,384
