dm,ABS_TMatrix,SCA_TMatrix,ABS_RDG,SCA_RDG,NumberOfCalcs,dp_median,Np_Ave,dp_Ave,D_TEM,dp_100nm,RealErrorABS,RealErrorSCA,AbsoluteErrorABS,AbsoluteErrorSCA,RealPercentErrorABS,AbsolutePercentErrorABS,RatioABS,RealPercentErrorSCA,AbsolutePercentErrorSCA,RatioSCA,SSA_TMatrix,SSA_RDG,MAC_TMatrix,MSC_TMatrix,MAC_RDG,MSC_RDG,Agg_Mass_gr
50.0,0.00008760211417849161270554760855,3.483710749170256628814836355E-7,0.00008127732234243446467750056999,2.387786667942776635566127220E-7,20,11.7,4.109792205201628328424361124,9.676795087709627505430549922,0.37499999999999983,15.173192108690529,0.00000632479183605714802804703856,1.095924081227479993248709135E-7,0.00000632479183605714802804703856,1.095924081227479993248709135E-7,7.781742377547552778510432338,7.781742377547552778510432338,1.077817423775475527785104323,45.89706844169982776650493645,45.89706844169982776650493645,1.458970684416998277665049364,0.003960990936130441386047833605,0.002929220900386840614554209873,2.910461615414220183334691910,0.01157415721041509165078585475,2.700328971505391176964802835,0.007933097857302116639200804223,3.009904467199921511533592651E-17
52.604,0.00009960690513795402012085081761,4.460293629171743182500794951E-7,0.00009227634304648626424617014530,3.068731763359545550675197664E-7,20,11.925,4.406849452216745352242785113,9.862865597275898608109132025,0.37499999999999983,15.173192108690529,0.00000733056209146775587468067231,1.391561865812197631825597287E-7,0.00000733056209146775587468067231,1.391561865812197631825597287E-7,7.944140230800891031089365171,7.944140230800891031089365171,1.079441402308008910310893652,45.34648099346297857007670228,45.34648099346297857007670228,1.453464809934629785700767023,0.004457933844142178469290005121,0.003314565953265175137121333256,2.914846891694722886615628608,0.01305238126114926060047580704,2.700328971505391176964802835,0.008980183883321053466285862467,3.417225975805594009141906331E-17
55.343,0.0001142985271374114727565147611,5.767745504270532644275655668E-7,0.0001052363079078734490517087725,3.977540534774734791117020600E-7,21,12.154,4.726494064836024455462134933,10.10648453271852559949084763,0.37499999999999983,15.173192108690529,0.0000090622192295380237048059886,1.790204969495797853158635068E-7,0.0000090622192295380237048059886,1.790204969495797853158635068E-7,8.611304795557177665903689448,8.611304795557177665903689448,1.086113047955571776659036894,45.00783722615625969226853719,45.00783722615625969226853719,1.450078372261562596922685372,0.005020875174668764393037466951,0.003765395802189283918407294402,2.932862529724454741005434683,0.01479984483975461948583383860,2.700328971505391176964802838,0.01020623789917821724198093992,3.897166197835734545996258803E-17
58.225,0.0001304348472364315389327825486,7.483427550049901513931878886E-7,0.0001198816098857553527923278055,5.142982571100366413993859690E-7,22,12.388,5.068544078513470671818515884,10.34288792549137843545647290,0.37499999999999983,15.173192108690529,0.0000105532373506761861404547431,2.340444978949535099938019196E-7,0.0000105532373506761861404547431,2.340444978949535099938019196E-7,8.803049409107200746975567258,8.803049409107200746975567258,1.088030494091072007469755673,45.50754249296989910878493254,45.50754249296989910878493254,1.455075424929698991087849325,0.005704562871613664903496724314,0.004271725385382324876546483270,2.938040265075447066199992485,0.01685639376950216751753780347,2.700328971505391176964802833,0.01158454983205875603219992508,4.439518708675085237937928857E-17
61.258,0.0001610918344586630863038564031,0.000001002657255374102933510854691,0.0001473238499924172230035522651,6.977531671435676782360836378E-7,25,12.626,6.894870773694305394390074560,11.33133593881546746644402303,0.37499999999999983,15.173192108690529,0.0000137679844662458633003041380,3.049040882305352552747710532E-7,0.0000137679844662458633003041380,3.049040882305352552747710532E-7,9.345387367323419245303778591,9.345387367323419245303778591,1.093453873673234192453037786,43.69798699427459136293468548,43.69798699427459136293468548,1.436979869942745913629346855,0.006185634346804111750279832401,0.004713860357203538678588352718,2.952685174084630417321166158,0.01837790985856075114110545536,2.700328971505391176964802837,0.01278926047815338468529724776,5.455774150002415458079888512E-17
64.448,0.0001835979454069683347847830982,0.000001282932314083456025256100897,0.0001676297349783528963733490971,8.996262541397093269952576431E-7,28,12.869,7.393334783448732609769437424,11.58077503034801040043069991,0.37499999999999983,15.173192108690529,0.0000159682104286154384114340011,3.833060599437466982608432539E-7,0.0000159682104286154384114340011,3.833060599437466982608432539E-7,9.525881807710019894561830218,9.525881807710019894561830218,1.095258818077100198945618302,42.60725586652569921981987526,42.60725586652569921981987526,1.426072558665256992198198753,0.006939237469540489149604187328,0.005338098047488834912574420035,2.957559117750346322031781296,0.02066661560162570595559865816,2.700328971505391176964802835,0.01449198042276949462802287751,6.207752342297092058549547278E-17
67.804,0.0002085771228191217885978937028,0.000001614814122506914824106128554,0.0001903103152619291107647892881,0.000001153733285036547485023449941,28,13.116,7.928269277242107242840776239,11.80305103037927499962854394,0.37499999999999983,15.173192108690529,0.0000182668075571926778331044147,4.61080837470367339082678613E-7,0.0000182668075571926778331044147,4.61080837470367339082678613E-7,9.598432713461479152813197195,9.598432713461479152813197195,1.095984327134614791528131972,39.96424853563632874944598772,39.96424853563632874944598772,1.399642485356363287494459877,0.007682569303100129646640186259,0.006025848162056071636754626943,2.959518230877442547514080591,0.02291273256838425384608285121,2.700328971505391176964802835,0.01637041802325001435038528342,7.047671497441072369076875268E-17
71.335,0.0002373943858451893590342139119,0.000002062217885204891692193742253,0.0002160625864460252574815886749,0.000001478811074656905211250883273,28,13.368,8.501586930467610391502474303,12.02983641405522776699633773,0.37499999999999983,15.173192108690529,0.0000213317993991641015526252370,5.83406810547986480942858980E-7,0.0000213317993991641015526252370,5.83406810547986480942858980E-7,9.872972341045733502139038079,9.872972341045733502139038079,1.098729723410457335021390381,39.45107123865305447948306885,39.45107123865305447948306885,1.394510712386530544794830689,0.008612073557707167000993111645,0.006797837522011465563289639301,2.966931703979363174198336666,0.02577339646152232130825271065,2.700328971505391176964802836,0.01848203547853309718126993010,8.001343122485322374518485969E-17
75.05,0.0002895991626625730542150516349,0.000002749556350119529518726627513,0.0002617582113944785725229490270,0.000001968643826324697194252239567,29,13.625,11.37801647020734338649049372,12.98928831139666910997044993,0.37499999999999983,15.173192108690529,0.0000278409512680944816921026079,7.80912523794832324474387946E-7,0.0000278409512680944816921026079,7.80912523794832324474387946E-7,10.63613291051153173379272754,10.63613291051153173379272754,1.106361329105115317337927275,39.66753728391460405720725781,39.66753728391460405720725781,1.396675372839146040572072578,0.009405056945025146650055761179,0.007464707470448792093223603349,2.987539549935753649968241428,0.02836475169760806331528920751,2.700328971505391176964802839,0.02030876483484384352359057330,9.693567493317396166935199049E-17
78.958,0.0003290421097598274910823108846,0.000003504658278095168705387306762,0.0002971793814938494530772988794,0.000002519919539967074969797661301,29,13.887,12.20022268561806067402322686,13.23902927098309510059097426,0.37499999999999983,15.173192108690529,0.0000318627282659780380050120052,9.84738738128093735589645461E-7,0.0000318627282659780380050120052,9.84738738128093735589645461E-7,10.72171565396352443691576331,10.72171565396352443691576331,1.107217156539635244369157633,39.07818176373044985150115251,39.07818176373044985150115251,1.390781817637304498515011525,0.01053884329946489732952640445,0.008408159549503721420315912218,2.989850565551796942041889577,0.03184517793931288393738505476,2.700328971505391176964802838,0.02289732115811830329629144595,1.100530285864305617715278165E-16
83.07,0.0003758770282174099579992203032,0.000004474796054404158577424303074,0.0003374033465857652401196741353,0.000003223295063886843063964916145,29,14.154,13.08210026902748389526177028,13.49364895469223117492716009,0.37499999999999983,15.173192108690529,0.0000384736816316447178795461679,0.000001251500990517315513459386929,0.0000384736816316447178795461679,0.000001251500990517315513459386929,11.40287493321143298515898114,11.40287493321143298515898114,1.114028749332114329851589811,38.82675850991377572968437796,38.82675850991377572968437796,1.388267585099137757296843780,0.01176488653096690904362553472,0.009462838984867569429527819614,3.008244106911425526380082667,0.03581298629536282511378521254,2.700328971505391176964802833,0.02579689008067229293260071761,1.249489784934122861056171157E-16
87.396,0.0004280367158165989701776605043,0.000005652063156837260689898965312,0.0003830456895492763504786697469,0.000004119058482175780245282733137,29,14.426,14.02792160299091446877951633,13.75284787345430528276670658,0.37499999999999983,15.173192108690529,0.0000449910262673226196989907574,0.000001533004674661480444616232175,0.0000449910262673226196989907574,0.000001533004674661480444616232175,11.74560306898710451743205998,11.74560306898710451743205998,1.117456030689871045174320600,37.21735637634628962012736351,37.21735637634628962012736351,1.372173563763462896201273635,0.01303253261524539899959308263,0.01063903287455592416832271177,3.017498894055276318095038432,0.03984493314399367946398574026,2.700328971505391176964802841,0.02903782305403910407197440894,1.418514905373675149603755392E-16
91.947,0.0005139749969979783803490004819,0.000007334424388622976622299362530,0.0004600560620673344801021438259,0.000005429719962386094624211527746,30,14.703,18.49824323843905864321650540,14.72962405215047898002277225,0.37499999999999983,15.173192108690529,0.0000539189349306439002468566560,0.000001904704426236881998087834784,0.0000539189349306439002468566560,0.000001904704426236881998087834784,11.72007921998694277318729357,11.72007921998694277318729357,1.117200792199869427731872936,35.07923869797252249637534722,35.07923869797252249637534722,1.350792386979725224963753472,0.01406923429297432849019688210,0.01166463117028011627186465526,3.016809666166081661397469437,0.04304988087085699263468857760,2.700328971505391176964802835,0.03187009438742354388822709070,1.703703759512162028647222660E-16
96.736,0.0005849410747971381792965680057,0.000009313408914309976099072080767,0.0005223347030280252865534073657,0.000006925820216014843667021014863,30,14.986,19.83467412667352514921172950,15.01317802203141089340687624,0.37499999999999983,15.173192108690529,0.0000626063717691128927431606400,0.000002387588698295132432051065904,0.0000626063717691128927431606400,0.000002387588698295132432051065904,11.98587254612370980378519612,11.98587254612370980378519612,1.119858725461237098037851961,34.47373197436194127836532459,34.47373197436194127836532459,1.344737319743619412783653246,0.01567242514712313602786078173,0.01308584319413026161008679531,3.023986960356080592626737544,0.04814780210657082012114771033,2.700328971505391176964802840,0.03580461507214689955834645240,1.934337292010876205526510797E-16
101.773,0.0006649684882468452628563939959,0.00001185281361466642911644442511,0.0005929960209600118339814066162,0.000008823172217556636694316489839,30,15.274,21.26842036540653415160675458,15.30164164846908357160216225,0.37499999999999983,15.173192108690529,0.0000719724672868334288749873797,0.000003029641397109792422127935271,0.0000719724672868334288749873797,0.000003029641397109792422127935271,12.13709110059725493741923994,12.13709110059725493741923994,1.121370911005972549374192399,34.33732587788905295539209832,34.33732587788905295539209832,1.343373258778890529553920983,0.01751247128609392030369313411,0.01466083554260014194693305084,3.028070358792821393633261302,0.05397421713845804443090822678,2.700328971505391176964802837,0.04017812382801183041416854028,2.196013993915066670148373282E-16
107.074,0.0007578609111089496339139010072,0.00001479073281946001751949362389,0.0006732413415228895737571236464,0.00001122763029579827921488782827,30,15.567,22.80835676358214793088519894,15.59518644161160596319453232,0.37499999999999983,15.173192108690529,0.0000846195695860600601567773608,0.00000356310252366173830460579562,0.0000846195695860600601567773608,0.00000356310252366173830460579562,12.56898000272062529132972170,12.56898000272062529132972170,1.125689800027206252913297217,31.73512513139268268775182567,31.73512513139268268775182567,1.317351251313926826877518257,0.01914282191164335219184057336,0.01640341747846594579674376041,3.039732779941575325867152940,0.05932470553849014711585728261,2.700328971505391176964802838,0.04503332386052668549261089190,2.493182677470471507901389116E-16
112.65,0.0009050521118299323516416965399,0.00001924487425641055463915726645,0.0008023987134241729016940500681,0.00001464628327633437541478581266,31,15.866,29.66895674314636446035475390,16.58410902187790942755875845,0.37499999999999983,15.173192108690529,0.0001026533984057594499476464718,0.00000459859098007617922437145379,0.0001026533984057594499476464718,0.00000459859098007617922437145379,12.79331542889621667053007634,12.79331542889621667053007634,1.127933154288962166705300763,31.39766515035683344577615541,31.39766515035683344577615541,1.313976651503568334457761554,0.02082109381087260289690074578,0.01792592003559267619696928011,3.045790574447944908660976412,0.06476517302202111264330240479,2.700328971505391176964802837,0.04928943976889625229156614858,2.971485037161409877965640967E-16
118.516,0.001026306504134107981555485247,0.00002434693093860966774582179209,0.0009109563138950389995098117558,0.00001858411824301780462992804750,31,16.171,31.81345542005083731660738316,16.90279658457314785948257582,0.37499999999999983,15.173192108690529,0.0001153501902390689820456734912,0.00000576281269559186311589374459,0.0001153501902390689820456734912,0.00000576281269559186311589374459,12.66253809097147426033520345,12.66253809097147426033520345,1.126625380909714742603352035,31.00934152610116933699009246,31.00934152610116933699009246,1.310093415261011693369900925,0.02317313219170560466105792094,0.01999280246505475537593987736,3.042259156103799582054019507,0.07217110412206197590766656134,2.700328971505391176964802836,0.05508851756779742966043243440,3.373501241914221655015849185E-16
124.688,0.001170561127643096831677887250,0.00003057832576626991171608512875,0.001034263864433935441079214595,0.00002354675200548912401216345486,31,16.482,34.11257820001459320702100438,17.22800241509723650840671872,0.37499999999999983,15.173192108690529,0.000136297263209161390598672655,0.00000703157376078078770392167389,0.000136297263209161390598672655,0.00000703157376078078770392167389,13.17819058521960998885294220,13.17819058521960998885294220,1.131781905852196099888529422,29.86218124326283108066013737,29.86218124326283108066013737,1.298621812432628310806601374,0.02545776485775657010425067369,0.02225989382177610878746298670,3.056183469798272161968314929,0.07983604745968843284729156607,2.700328971505391176964802835,0.06147751924029096590115194377,3.830140236051867077847843856E-16
131.181,0.001333165595836509880285587870,0.00003840262865880441484556198115,0.001174229101920828038751707625,0.00002978431667766217356925704127,31,16.799,36.57746094613186824766781942,17.55935854430278689611993890,0.37499999999999983,15.173192108690529,0.000158936493915681841533880245,0.00000861831198114224127630493988,0.000158936493915681841533880245,0.00000861831198114224127630493988,13.53539046645073489489989504,13.53539046645073489489989504,1.135353904664507348948998950,28.93573847744459524179790520,28.93573847744459524179790520,1.289357384774445952417979052,0.02799906557541834493224800826,0.02473752884941437145667677712,3.065829041677339075959368188,0.08831303071921709292843778387,2.700328971505391176964802835,0.06849383403086969128308177479,4.348466850934142574782989317E-16
138.013,0.001581780966173788535467426928,0.00004882399456498003228051265672,0.001390019290727306700006228385,0.00003841119523641877169375575382,32,17.122,46.98637928319336683279685815,18.55625496668309004068096866,0.37499999999999983,15.173192108690529,0.000191761675446481835461198543,0.00001041279932856126058675690290,0.000191761675446481835461198543,0.00001041279932856126058675690290,13.79561253039484230616238963,13.79561253039484230616238963,1.137956125303948423061623896,27.10876155889203522003238616,27.10876155889203522003238616,1.271087615588920352200323862,0.02994225808246016445442088751,0.02689048967650933454141329215,3.072855893460271092984736673,0.09484821391180376915432812407,2.700328971505391176964802836,0.07461972939438851493985485861,5.147592405944497499333355527E-16
145.2,0.001795969077101958821231903079,0.00006079857980832204522136936210,0.001578142296013175382962388494,0.00004840173907460504137722786766,32,17.451,50.38367909164534100149328484,18.91294668204337862169254060,0.37499999999999983,15.173192108690529,0.000217826781088783438269514585,0.00001239684073371700384414149444,0.000217826781088783438269514585,0.00001239684073371700384414149444,13.80273386240735260186342153,13.80273386240735260186342153,1.138027338624073526018634215,25.61238701487331253531928291,25.61238701487331253531928291,1.256123870148733125353192829,0.03274431218254456946250589310,0.02975741082349050773033241496,3.073048192851761996427583006,0.1040312821584905163924747671,2.700328971505391176964802839,0.08281928608376222094538862820,5.844259394563269563839356398E-16
152.762,0.002043875666089575417973666365,0.00007598886899648437037764950077,0.001791642373405768874515543467,0.00006086210402597268203482237168,32,17.786,54.02929671055704418509548566,19.27591196565469423656257689,0.37499999999999983,15.173192108690529,0.000252233292683806543458122898,0.00001512676497051168834282712909,0.000252233292683806543458122898,0.00001512676497051168834282712909,14.07832815453740497991959408,14.07832815453740497991959408,1.140783281545374049799195941,24.85416042149380225850863792,24.85416042149380225850863792,1.248541604214938022585086379,0.03584609664381194192074270022,0.03285395785404531744733631181,3.080490145365965003026352169,0.1145289637647246344131730553,2.700328971505391176964802839,0.09173019415459408901702770368,6.634904088767215155239983206E-16
160.717,0.002326701435784225371404872847,0.00009344733268978814554093830611,0.002034097808689397089552164237,0.00007637136061087164142708849055,32,18.128,57.93413644296481739537120493,19.64654943965921141693704747,0.37499999999999983,15.173192108690529,0.000292603627094828281852708610,0.00001707597207891650411384981556,0.000292603627094828281852708610,0.00001707597207891650411384981556,14.38493399112197291074971501,14.38493399112197291074971501,1.143849339911219729107497150,22.35913036291473329411713565,22.35913036291473329411713565,1.223591303629147332941171356,0.03861222661477537243948467043,0.03618691129053202648127462237,3.088769511599584566623890693,0.1240542803272196844650452254,2.700328971505391176964802839,0.1013853890259575810013426602,7.532777784313514097869194669E-16
169.087,0.002738590271790727659110088777,0.0001176795010544896894446440967,0.002393380862655474523757619613,0.00009723905455011733286274572230,33,18.476,73.56830353998340656651924989,20.64686359440633421221588044,0.37499999999999983,15.173192108690529,0.000345209409135253135352469164,0.00002044044650437235658189837440,0.000345209409135253135352469164,0.00002044044650437235658189837440,14.42350503096446730263854331,14.42350503096446730263854331,1.144235050309644673026385433,21.02081987421759876846451008,21.02081987421759876846451008,1.210208198742175987684645101,0.04120041537157239628026635031,0.03904210910640147794384869599,3.089811056563062330089342540,0.1327717502082663681943052260,2.700328971505391176964802836,0.1097098419480731016232694230,8.863293650185155469312800606E-16
177.892,0.003109678371589065041832962360,0.0001456459691237875943254592816,0.002717386990790282858662301170,0.0001214431313345264614383692101,33,18.832,78.87839568491211209685240393,21.04480441322019721207779438,0.37499999999999983,15.173192108690529,0.000392291380798782183170661190,0.0000242028377892611328870900715,0.000392291380798782183170661190,0.0000242028377892611328870900715,14.43634572949413500552756765,14.43634572949413500552756765,1.144363457294941350055275677,19.92935913566997295482191423,19.92935913566997295482191423,1.199293591356699729548219142,0.04474084726436013543556733635,0.04277928798487900770223886038,3.090157797665602613857914658,0.1447316967884520323275927590,2.700328971505391176964802837,0.1206807889507059223059003603,1.006317015246991222213908853E-15
187.156,0.003543875380066285562274414742,0.0001776540703522917766350476987,0.003084934414883316098932679672,0.0001512625208345733017084624150,33,19.193,84.59023056619544703786241581,21.44811763413972844099041993,0.37499999999999983,15.173192108690529,0.000458940965182969463341735070,0.0000263915495177184749265852837,0.000458940965182969463341735070,0.0000263915495177184749265852837,14.87684674814483368792387274,14.87684674814483368792387274,1.148768467481448336879238727,17.44751401213346251898780075,17.44751401213346251898780075,1.174475140121334625189878007,0.04773684387538844158757124293,0.04674082691479298292121097941,3.102052774292003796955278076,0.1555055532991924092484133725,2.700328971505391176964802839,0.1324042953204843345617111037,1.142429106763059836114630369E-15
196.903,0.004025671230777375756538317821,0.0002169222282633833317357163713,0.003502394287744195820320147572,0.0001879361159345408020468140621,33,19.562,90.70516662672996808139234826,21.86040769278534518694031468,0.37499999999999983,15.173192108690529,0.000523276943033179936218170249,0.0000289861123288425296889023092,0.000523276943033179936218170249,0.0000289861123288425296889023092,14.94054923696810476392202706,14.94054923696810476392202706,1.149405492369681047639220271,15.42338585891524669445298516,15.42338585891524669445298516,1.154233858589152466944529852,0.05112962869471565238801964230,0.05092663674428585538076230650,3.103772951053268569568339465,0.1672459835812471582728519317,2.700328971505391176964802838,0.1448978318706366029780358916,1.297025038320299830479666671E-15
207.157,0.004713190538907440838593238733,0.0002728417759360758712340108974,0.004098800344179274297307420602,0.0002359646908054126219240034830,34,19.938,113.9279072332822514260658488,22.86148349507992809892531483,0.37499999999999983,15.173192108690529,0.000614390194728166541285818131,0.0000368770851306632493100074144,0.000614390194728166541285818131,0.0000368770851306632493100074144,14.98951261679932653660975648,14.98951261679932653660975648,1.149895126167993265366097565,15.62822174995402013479447338,15.62822174995402013479447338,1.156282217499540201347944734,0.05472122094432090096264212639,0.05443540512600037516897800624,3.105095123384279278601096746,0.1797507783572449731726451109,2.700328971505391176964802838,0.1554558010465264735773042150,1.517889259949782043692767050E-15
217.945,0.005354181241535746421187051597,0.0003340614002458628403028402241,0.004653598773586174928485350951,0.0002915619340528233285347468490,34,20.322,122.1538697375729049265251412,23.30180909791652767260611442,0.37499999999999983,15.173192108690529,0.000700582467949571492701700646,0.0000424994661930395117680933751,0.000700582467949571492701700646,0.0000424994661930395117680933751,15.05463839998577756258265697,15.05463839998577756258265697,1.150546383999857775625826570,14.57647972157426078672034414,14.57647972157426078672034414,1.145764797215742607867203441,0.05872840194827409392636142744,0.05895904123043672076012912113,3.106853733775582802564323262,0.1938447470946018972670537445,2.700328971505391176964802836,0.1691837169073905147853714655,1.723345126720566338943110439E-15
229.295,0.006090166368848174269449733454,0.0004056160806714241605277549399,0.005283223062271555481414367735,0.0003592001547873990119013047873,34,20.712,130.9936629727474971567092465,23.74897507336161490245363410,0.37499999999999983,15.173192108690529,0.000806943306576618788035365719,0.0000464159258840251486264501526,0.000806943306576618788035365719,0.0000464159258840251486264501526,15.27369367269661262795113473,15.27369367269661262795113473,1.152736936726966126279511347,12.92202279575784057570074312,12.92202279575784057570074312,1.129220227957578405757007431,0.06244299032850490107138197064,0.06366061902294308746153826732,3.112768946768203624911451804,0.2073160343668292337173763773,2.700328971505391176964802837,0.1835922074667418265985098964,1.956510898494801260153430480E-15
241.236,0.006925857018524781547931469076,0.0004880235129876111730766881411,0.005998174082359190533992277263,0.0004412743355784264983272990841,34,21.11,140.4652271156545166441864674,24.20539244948945702264133683,0.37499999999999983,15.173192108690529,0.000927682936165591013939191813,0.0000467491774091846747493890570,0.000927682936165591013939191813,0.0000467491774091846747493890570,15.46608890352039446891992637,15.46608890352039446891992637,1.154660889035203944689199264,10.59413014534494029013346492,10.59413014534494029013346492,1.105941301453449402901334649,0.06582565107615201044162132859,0.06852672883429274470467758067,3.117964250925932876442453693,0.2197041987780988054154530968,2.700328971505391176964802839,0.1986581010125576349461207191,2.221275313361283634878187916E-15
253.799,0.008051652996255991288704797711,0.0006055358520151170820866854784,0.006985616175687517264850397638,0.0005460419141954599860295728177,35,21.516,174.5797241063031486798510534,25.20390350262140964660794689,0.37499999999999983,15.173192108690529,0.001066036820568474023854400073,0.0000594939378196570960571126607,0.001066036820568474023854400073,0.0000594939378196570960571126607,15.26045510886598003341060913,15.26045510886598003341060913,1.152604551088659800334106091,10.89548920568042225011981278,10.89548920568042225011981278,1.108954892056804222501198128,0.06994601395764240029424280199,0.07249956220515900823490768899,3.112411461993673819054948155,0.2340732676055870548801198962,2.700328971505391176964802836,0.2110755534622747055582539448,2.586950052901571277800179395E-15
267.016,0.009167843132992919297224651641,0.0007226407747341317426419163989,0.007930777002570787001105818202,0.0006668205969583567231325665001,35,21.929,187.2112568032302209086278653,25.68768886110469017971029653,0.37499999999999983,15.173192108690529,0.001237066130422132296118833439,0.0000558201777757750195093498988,0.001237066130422132296118833439,0.0000558201777757750195093498988,15.59829673714357762431642410,15.59829673714357762431642410,1.155982967371435776243164241,8.371093818996268539861423541,8.371093818996268539861423541,1.083710938189962685398614235,0.07306424857226253254752740536,0.07755894472135749165511838800,3.121534297359859336886405141,0.2460500174665275359939529526,2.700328971505391176964802836,0.2270439549844219221136901348,2.936966971898058344562902325E-15
280.921,0.01040000650574572711181281129,0.0008722094131513304574077204315,0.009004108367270883647137158755,0.0008120080869078979585551146471,35,22.351,200.7351203108399279424205629,26.18199893039636472208325019,0.37499999999999983,15.173192108690529,0.001395898138474843464675652535,0.0000602013262434324988526057844,0.001395898138474843464675652535,0.0000602013262434324988526057844,15.50290247004141411898544381,15.50290247004141411898544381,1.155029024700414141189854438,7.413882597238324804391925833,7.413882597238324804391925833,1.074138825972383248043919258,0.07737692565745961614605064692,0.08272192885020440888193573454,3.118958338328144379374898980,0.2615753000167547308169291935,2.700328971505391176964802836,0.2435209431890324280123280191,3.334448677285136124844136178E-15
295.55,0.01181528603995985521149408507,0.001048876211246331828430667408,0.01022258933527752109260548721,0.0009859359797398568811671040469,35,22.781,215.2383207700556145432517691,26.68563455542868146315206850,0.37499999999999983,15.173192108690529,0.00159269670468233411888859786,0.0000629402315064749472635633611,0.00159269670468233411888859786,0.0000629402315064749472635633611,15.58016909850850291812719655,15.58016909850850291812719655,1.155801690985085029181271965,6.383805115123395434890134143,6.383805115123395434890134143,1.063838051151233954348901341,0.08153474674559438750880062696,0.08796304170530646312194120070,3.121044791481946610141430569,0.2770639343768950834894365387,2.700328971505391176964802835,0.2604380752099155771900702884,3.785682945725900717690552983E-15
310.942,0.01370807247250791479074679477,0.001280110875549894840726993618,0.01185300058619081942258583777,0.001202728252722956812936623890,36,23.218,264.7649709874098870337365740,27.67724168509671228458990203,0.37499999999999983,15.173192108690529,0.00185507188631709536816095700,0.000077382622826938027790369728,0.00185507188631709536816095700,0.000077382622826938027790369728,15.65065210979844360714791053,15.65065210979844360714791053,1.156506521097984436071479105,6.433924093139497917094478714,6.433924093139497917094478714,1.064339240931394979170944787,0.08540800748315995548958916965,0.09212264344355229558302478349,3.122948064655798294296092396,0.2916325245114489853045226451,2.700328971505391176964802840,0.2740033565390707898245355012,4.389465398944691149768397041E-15
327.135,0.01558789872116377333245174486,0.001537400768672949635702956964,0.01345710340585418348994550922,0.001452050071599596078037986273,36,23.665,283.8869498758856274376429818,28.20994550682214793408737099,0.37499999999999983,15.173192108690529,0.00213079531530958984250623564,0.000085350697073353557664970691,0.00213079531530958984250623564,0.000085350697073353557664970691,15.83398188337201517890475697,15.83398188337201517890475697,1.158339818833720151789047570,5.877944482956444349494726218,5.877944482956444349494726218,1.058779444829564443494947262,0.08977365736496136524006592123,0.09739319363741506118138857126,3.127898571645000681948052950,0.3084978773854275897728333546,2.700328971505391176964802835,0.2913712377888934260854955091,4.983505175797917232262592041E-15
344.171,0.01765767273120155516122689095,0.001815494156101032053529255197,0.01527781633384175863588379460,0.001748143700784654907747278750,36,24.119,304.4341319343718626869879863,28.75121197926067679319939186,0.37499999999999983,15.173192108690529,0.00237985639735979652534309635,0.000067350455316377145781976447,0.00237985639735979652534309635,0.000067350455316377145781976447,15.57720256191454031370485000,15.57720256191454031370485000,1.155772025619145403137048500,3.852684152117864824406711317,3.852684152117864824406711317,1.038526841521178648244067113,0.09323055497895511254999924428,0.1026751911333857990322601264,3.120964685234849528683100496,0.3208856135061012942974264980,2.700328971505391176964802833,0.3089815310272435391241519475,5.657761145052121159426012960E-15
362.094,0.02006068344523743261016220130,0.002209577825178361998165172390,0.01734575186373304963967821135,0.002099270960423801539677701996,36,24.583,326.4304395353086598543701823,29.30448398552711313934836453,0.37499999999999983,15.173192108690529,0.00271493158150438297048398995,0.000110306864754560458487470394,0.00271493158150438297048398995,0.000110306864754560458487470394,15.65185298874724896983852863,15.65185298874724896983852863,1.156518529887472489698385286,5.254532017738752071025445013,5.254532017738752071025445013,1.052545320177387520710254450,0.09921652010942520496288137806,0.1079592952606795046101629173,3.122980492337965594899482063,0.3439797284659710266503595337,2.700328971505391176964802832,0.3268075225568429210008179141,6.423569886028761972891661779E-15
380.951,0.02315908969159579289954577813,0.002663298241770723225192503277,0.02003260325106631418907001205,0.002528317924727372715622314714,37,25.055,397.2744567324927417742124053,30.28879365747904543011753870,0.37499999999999983,15.173192108690529,0.00312648644052947871047576608,0.000134980317043350509570188563,0.00312648644052947871047576608,0.000134980317043350509570188563,15.60699027153677173097107627,15.60699027153677173097107627,1.156069902715367717309710763,5.338739868242850475102645950,5.338739868242850475102645950,1.053387398682428504751026460,0.1031391151214690829348422580,0.1120662540783167820851371609,3.121769051387726542756454955,0.3590038354915276831987124352,2.700328971505391176964802834,0.3408089331053018279737087835,7.418578796308085056573552806E-15
400.79,0.02634499965124793164617427021,0.003126833166070966586666597327,0.02274354329568355455787009076,0.003020883026441969011414556808,37,25.537,425.9805208166287520658082818,30.87138123246521826962898162,0.37499999999999983,15.173192108690529,0.00360145635556437708830417945,0.000105950139628997575252040519,0.00360145635556437708830417945,0.000105950139628997575252040519,15.83507155742038362510762003,15.83507155742038362510762003,1.158350715574203836251076200,3.507257272181997587827572915,3.507257272181997587827572915,1.035072572721819975878275729,0.1060956468317608966701217424,0.1172501568120594209919207560,3.127927996429023750770189541,0.3712472624706559141959489892,2.700328971505391176964802836,0.3586678579400732972270590277,8.422508344605281484644025750E-15
421.662,0.02990325708283060588754567052,0.003798291097939246876408875548,0.02582142166303455970368516197,0.003600939657780713680289881364,37,26.028,456.7709393970599125927176068,31.46494443612916859739420855,0.37499999999999983,15.173192108690529,0.00408183541979604618386050855,0.000197351440158533196118994184,0.00408183541979604618386050855,0.000197351440158533196118994184,15.80794223131223495510385624,15.80794223131223495510385624,1.158079422313122349551038562,5.480553936306791096626851213,5.480553936306791096626851213,1.054805539363067910966268512,0.1127037570370893737839497281,0.1223878538679075035065727117,3.127195415376351236221806128,0.3972142056244551224532115373,2.700328971505391176964802836,0.3765757675716306085879025047,9.562324418805728285891008471E-15
443.62,0.03385910533617461160417135259,0.004486939032035753099362603537,0.02929332188988514203509075058,0.004272527730992951248921374485,35,26.528,489.7989958291592307440916925,32.03840941616478914137319032,0.37499999999999983,15.173192108690529,0.00456578344628946956908060201,0.000214411301042801850441229052,0.00456578344628946956908060201,0.000214411301042801850441229052,15.58643114445144216006531027,15.58643114445144216006531027,1.155864311444514421600653103,5.018371197159482706587920405,5.018371197159482706587920405,1.050183711971594827065879204,0.1170117832481181556815131265,0.1272879363773179106214648221,3.121213887322752776448106337,0.4136168477965681409365018587,2.700328971505391176964802839,0.3938518976075640870332564758,1.084805673641851612504558014E-14
466.723,0.03846446188043507718325267346,0.005367943684431429953992740861,0.03323025418389339329721951529,0.005057887175454420082771865771,34,27.038,525.2021545564973380451498581,32.62006438138857824432308931,0.37499999999999983,15.173192108690529,0.00523420769654168388603315817,0.000310056508977009871220875090,0.00523420769654168388603315817,0.000310056508977009871220875090,15.75133210710945749844448860,15.75133210710945749844448860,1.157513321071094574984444886,6.130158665493624798759815318,6.130158665493624798759815318,1.061301586654936247987598153,0.1224651856373144092168475931,0.1321006190398314581181983931,3.125666755791698451199986594,0.4362053256729336414932267668,2.700328971505391176964802829,0.4110097743731709093846892073,1.230600217030891840053353004E-14
491.028,0.04414864459346449329583478234,0.006418486112470612607971492632,0.03819998019436171889084370318,0.005992913388123519103433458998,34,27.558,632.1005725401830414114036535,33.56512921399797600098590183,0.37499999999999983,15.173192108690529,0.00594866439910277440499107916,0.000425572724347093504538033634,0.00594866439910277440499107916,0.000425572724347093504538033634,15.57242796681028559611849090,15.57242796681028559611849090,1.155724279668102855961184909,7.101266058516280435356924144,7.101266058516280435356924144,1.071012660585162804353569241,0.1269300041917796532347584037,0.1356080786368481272475718001,3.120835755459977260508089123,0.4537181410703348031006422452,2.700328971505391176964802842,0.4236347129850356077292301987,1.414641719488934241222991112E-14
516.599,0.05003631866808185873357539928,0.007455709981822252914231412286,0.04329731161884846012996724501,0.007049187670224362575596696041,33,28.087,677.8239542259446464815932695,34.13850822012285872783196072,0.37499999999999983,15.173192108690529,0.00673900704923339860360815427,0.000406522311597890338634716245,0.00673900704923339860360815427,0.000406522311597890338634716245,15.56449303032415375266850399,15.56449303032415375266850399,1.155644930303241537526685040,5.766938413556969282348310446,5.766938413556969282348310446,1.057669384135569692823483104,0.1296824995900486102506907430,0.1400134621029016509913114570,3.120621486071171690473254088,0.4649912180296246043551893938,2.700328971505391176964802841,0.4396375890275586075365367361,1.603408772624873403339177738E-14
543.502,0.05583396681165861300023891767,0.008773929699983342232078486748,0.04838206391651344782851659243,0.008231225682962130873013188514,31,28.627,647.5196643537859008056176668,34.31581377147220368459658647,0.37499999999999983,15.173192108690529,0.00745190289514516517172232524,0.000542704017021211359065298234,0.00745190289514516517172232524,0.000542704017021211359065298234,15.40220133643726325115839552,15.40220133643726325115839552,1.154022013364372632511583955,6.593234567053094362788034867,6.593234567053094362788034867,1.065932345670530943627880349,0.1358027450777991627301615701,0.1453938773244927021331280971,3.116239076442797142388078362,0.4896958634030090810620500612,2.700328971505391176964802838,0.4594061390406189889497185756,1.791709988932985588727079501E-14
571.806,0.06343447667554556888998057768,0.01036856536057264475853737254,0.05492854514196397744475800815,0.009699421235583816444417250802,31,29.177,694.3445386273150655390659940,34.97504276345587920020484881,0.37499999999999983,15.173192108690529,0.00850593153358159144522256953,0.000669144124988828314120121738,0.00850593153358159144522256953,0.000669144124988828314120121738,15.48544843413899443897859539,15.48544843413899443897859539,1.154854484341389944389785954,6.898804668199895516744672976,6.898804668199895516744672976,1.068988046681998955167446730,0.1404896746058029515330034052,0.1500808671422695888321621730,3.118487021939974388308193459,0.5097265431614609082803477715,2.700328971505391176964802836,0.4768309100776069163039799878,2.034142718223778950819656216E-14
601.584,0.07161206582828891207786566038,0.01232889859930741503305221690,0.06217681935120922567133441774,0.01131261521426001743858258544,30,29.738,744.5048763959782372032190650,35.51494014587870879593508450,0.37499999999999983,15.173192108690529,0.00943524647707968640653124264,0.00101628338504739759446963146,0.00943524647707968640653124264,0.00101628338504739759446963146,15.17486191080983315161517921,15.17486191080983315161517921,1.151748619108098331516151792,8.983629035365142866425736690,8.983629035365142866425736690,1.089836290353651428664257367,0.1468758273553285701428975897,0.1539352599615117800501526190,3.110100164068925695488455260,0.5354420252089427549700089865,2.700328971505391176964802836,0.4913050060346146462749611043,2.302564613693961189212876891E-14
632.913,0.07998177306670260668590570601,0.01439502277876104969240857367,0.06938209283189534695382922141,0.01322142897312414065541716930,29,30.31,703.3920037156283448806063948,35.68793557559461406732213145,0.37499999999999983,15.173192108690529,0.01059968023480725973207648460,0.00117359380563690903699140437,0.01059968023480725973207648460,0.00117359380563690903699140437,15.27725642477957336906227471,15.27725642477957336906227471,1.152772564247795733690622747,8.876452069005035763127497714,8.876452069005035763127497714,1.088764520690050357631274977,0.1525271402764301963991238947,0.1600589016571533997452333953,3.112865152794882725592916638,0.5602497051962541081977804080,2.700328971505391176964802838,0.5145738077882738758843786265,2.569394083611076287408508963E-14
665.873,0.09037329076634057245599661763,0.01674086038487967530256460524,0.07845731798734284474350522931,0.01533987616399512501447373937,28,30.892,754.2291575017938742137467089,36.19363846072393747095347245,0.37499999999999983,15.173192108690529,0.01191597277899772771249138832,0.00140098422088455028809086587,0.01191597277899772771249138832,0.00140098422088455028809086587,15.18784108949540734912520069,15.18784108949540734912520069,1.151878410894954073491252007,9.132956523944175423133017050,9.132956523944175423133017050,1.091329565239441754231330171,0.1562899038544914324114532559,0.1635430174941572002549921865,3.110450644591235708165438518,0.5761837323130307316655767943,2.700328971505391176964802836,0.5279649252300920517954358578,2.905472585571828190665813458E-14
700.549,0.1003827431162259910183351326,0.01977933236413376638107670761,0.08718898006383313421620834771,0.01785219686287337288920048575,27,31.486,705.0328812178691760962137828,36.23894070842336475715911652,0.37499999999999983,15.173192108690529,0.01319376305239285680212678489,0.00192713550126039349187622186,0.01319376305239285680212678489,0.00192713550126039349187622186,15.13237457616018426735473379,15.13237457616018426735473379,1.151323745761601842673547338,10.79494874531769173659658666,10.79494874531769173659658666,1.107949487453176917365965867,0.1646054488079032666928478850,0.1699542730307555025967156794,3.108952866262160778076345357,0.6125854916619207935807652573,2.700328971505391176964802836,0.5529001986092883907477071258,3.228828079240531985699478183E-14
737.032,0.1130661897967660022842588782,0.02293038490978257390264007391,0.09846170957263065660098973258,0.02060149630394235439570579535,26,32.091,755.9367867054021475315532010,36.69389194824346665863056341,0.37499999999999983,15.173192108690529,0.01460448022413534568326914562,0.00232888860584021950693427856,0.01460448022413534568326914562,0.00232888860584021950693427856,14.83264945076166384848096904,14.83264945076166384848096904,1.148326494507616638484809690,11.30446338208238543275034648,11.30446338208238543275034648,1.113044633820823854327503465,0.1686100180042138837329487188,0.1730299142566253063931522451,3.100859301866143667661235724,0.6288696689140939896882536459,2.700328971505391176964802837,0.5649995065834245992912571708,3.646285715985922750205126380E-14
775.414,0.1283262768352131079252052587,0.02692339043572253503153729248,0.1117860925899254833432898613,0.02410037141623211305019573644,26,32.708,810.5763417919389513994600853,37.39939014660990321160805028,0.37499999999999983,15.173192108690529,0.0165401842452876245819153974,0.00282301901949042198134155604,0.0165401842452876245819153974,0.00282301901949042198134155604,14.79628088080992497614699784,14.79628088080992497614699784,1.147962808808099249761469978,11.71359134153865609118813002,11.71359134153865609118813002,1.117135913415386560911881300,0.1734199557976307144412512128,0.1773566748718991041568638712,3.099877230835214658629608439,0.6503672283405749358691763226,2.700328971505391176964802841,0.5821737718128015950220000922,4.139721262465531549928074170E-14
815.795,0.1416845365687345080178385101,0.03155045991091357306028447254,0.1236559553669200362170685087,0.02790407103125644385411846095,25,33.336,749.8690057462029590550911528,37.29162818016135756993669272,0.37499999999999983,15.173192108690529,0.0180285812018144718007700014,0.00364638887965712920616601159,0.0180285812018144718007700014,0.00364638887965712920616601159,14.57963035287616098204253755,14.57963035287616098204253755,1.145796303528761609820425375,13.06758743400798427142572385,13.06758743400798427142572385,1.130675874340079842714257239,0.1821252088322706234710996420,0.1841123394762893520734690542,3.094026953862499849153014052,0.6889811389104417982787186923,2.700328971505391176964802836,0.6093533562945847420749437183,4.579292251861586134452031368E-14
858.279,0.1593663580668715618587318895,0.03649855705596504081190148258,0.1393915269357843203850861838,0.03198891216071961859543055666,24,33.977,803.9248611632067228756027764,37.68033050108622979939947128,0.37499999999999983,15.173192108690529,0.0199748311310872414736457057,0.00450964489524542221647092592,0.0199748311310872414736457057,0.00450964489524542221647092592,14.33001816551544056732519422,14.33001816551544056732519422,1.143300181655154405673251942,14.09752501925646540940978729,14.09752501925646540940978729,1.140975250192564654094097873,0.1863455587902253216067278961,0.1866543949202203540720556665,3.087286603650789997548540353,0.7070595552179382226162476979,2.700328971505391176964802840,0.6196975395378702388786909928,5.162020198526986279131758265E-14
902.976,0.1755133159518651736363000270,0.04163683811498840313194136265,0.1533953602206625960105127048,0.03688120542971548229721169810,23,34.63,735.8816563716687921429373056,37.39548307216981078315246739,0.37499999999999983,15.173192108690529,0.0221179557312025776257873222,0.00475563268527292083472966455,0.0221179557312025776257873222,0.00475563268527292083472966455,14.41892095001140343540279086,14.41892095001140343540279086,1.144189209500114034354027909,12.89446109437971225015441433,12.89446109437971225015441433,1.128944610943797122501544143,0.1917421532299247384889106983,0.1938294676680391281809360532,3.089687271297009486029560826,0.7329632401009100508991393788,2.700328971505391176964802832,0.6492464138591822974418527733,5.680617503990526062027217336E-14
950.0,0.1970172263711395685118907918,0.04836212813626818146616166916,0.1724981203299942060378981909,0.04201568380053415289385370596,22,35.296,788.8169992018132917909866568,37.68002924322105902025636244,0.37499999999999983,15.173192108690529,0.0245191060411453624739926009,0.00634644433573402857230796320,0.0245191060411453624739926009,0.00634644433573402857230796320,14.21412940282454035205851490,14.21412940282454035205851490,1.142141294028245403520585149,15.10494120686748192763336544,15.10494120686748192763336544,1.151049412068674819276333654,0.1970912680626852762769655937,0.1958647088975600557100273492,3.084157225817128488273259354,0.7570729204480102264409536826,2.700328971505391176964802836,0.6577240842227554552829778052,6.388040944279066905015726313E-14
